subid,subage,trial,agent,novel,pick,position_novel,correct,age_num,age_num_month,age_month,item,age
190307_3_me,4,1,Dog,t20,t20,left,1,4.597260273972603,55,31,papaya,2.567123287671233
190307_3_me,4,2,Tiger,t19,t19,right,1,4.597260273972603,55,31,garlic,2.567123287671233
190307_3_me,4,3,Cat,t17,t17,right,1,4.597260273972603,55,31,carrot,2.567123287671233
190307_3_me,4,4,Bunny,t14,t14,right,1,4.597260273972603,55,31,kite,2.567123287671233
190307_3_me,4,5,Elephant,t07,barrel,left,0,4.597260273972603,55,31,barrel,2.567123287671233
190307_3_me,4,6,Monkey,t09,t09,right,1,4.597260273972603,55,31,bread,2.567123287671233
190307_3_me,4,7,Frog,t12,t12,left,1,4.597260273972603,55,31,duck,2.567123287671233
190307_3_me,4,8,Mouse,t11,horseshoe,left,0,4.597260273972603,55,31,horseshoe,2.567123287671233
190307_3_me,4,9,Sheep,t03,t03,right,1,4.597260273972603,55,31,pawn,2.567123287671233
190307_3_me,4,10,Bear,t16,t16,left,1,4.597260273972603,55,31,apple,2.567123287671233
190307_3_me,4,11,Pig,t01,t01,right,1,4.597260273972603,55,31,plug,2.567123287671233
190307_3_me,4,12,Beaver,t15,t15,left,1,4.597260273972603,55,31,eggplant,2.567123287671233
190307_4_me,4,1,Mouse,t07,t07,right,1,4.898630136986301,59,35,eggplant,2.868493150684931
190307_4_me,4,2,Frog,t14,t14,right,1,4.898630136986301,59,35,carrot,2.868493150684931
190307_4_me,4,3,Bear,t03,t03,left,1,4.898630136986301,59,35,kite,2.868493150684931
190307_4_me,4,4,Dog,t19,t19,left,1,4.898630136986301,59,35,apple,2.868493150684931
190307_4_me,4,5,Elephant,t01,t01,right,1,4.898630136986301,59,35,garlic,2.868493150684931
190307_4_me,4,6,Monkey,t15,t15,right,1,4.898630136986301,59,35,barrel,2.868493150684931
190307_4_me,4,7,Pig,t12,t12,right,1,4.898630136986301,59,35,horseshoe,2.868493150684931
190307_4_me,4,8,Beaver,t16,t16,left,1,4.898630136986301,59,35,bread,2.868493150684931
190307_4_me,4,9,Sheep,t20,t20,left,1,4.898630136986301,59,35,duck,2.868493150684931
190307_4_me,4,10,Cat,t21,t21,left,1,4.898630136986301,59,35,papaya,2.868493150684931
190307_4_me,4,11,Bunny,t17,t17,left,1,4.898630136986301,59,35,pawn,2.868493150684931
190307_4_me,4,12,Tiger,t04,t04,right,1,4.898630136986301,59,35,plug,2.868493150684931
190307_5_me,4,1,Pig,t04,t04,left,1,4.898630136986301,59,35,pawn,2.868493150684931
190307_5_me,4,2,Monkey,t21,t21,right,1,4.898630136986301,59,35,kite,2.868493150684931
190307_5_me,4,3,Mouse,t11,t11,left,1,4.898630136986301,59,35,horseshoe,2.868493150684931
190307_5_me,4,4,Beaver,t09,t09,left,1,4.898630136986301,59,35,apple,2.868493150684931
190307_5_me,4,5,Sheep,t07,t07,right,1,4.898630136986301,59,35,carrot,2.868493150684931
190307_5_me,4,6,Bear,t08,t08,left,1,4.898630136986301,59,35,bread,2.868493150684931
190307_5_me,4,7,Frog,t01,t01,right,1,4.898630136986301,59,35,garlic,2.868493150684931
190307_5_me,4,8,Cat,t19,t19,right,1,4.898630136986301,59,35,barrel,2.868493150684931
190307_5_me,4,9,Elephant,t03,t03,right,1,4.898630136986301,59,35,eggplant,2.868493150684931
190307_5_me,4,10,Dog,t14,t14,left,1,4.898630136986301,59,35,papaya,2.868493150684931
190307_5_me,4,11,Bunny,t16,t16,left,1,4.898630136986301,59,35,duck,2.868493150684931
190307_5_me,4,12,Tiger,t17,t17,right,1,4.898630136986301,59,35,plug,2.868493150684931
190307_6_me,4,1,Mouse,t17,t17,right,1,4.578082191780822,55,31,papaya,2.5479452054794516
190307_6_me,4,2,Bear,t01,t01,left,1,4.578082191780822,55,31,garlic,2.5479452054794516
190307_6_me,4,3,Beaver,t03,t03,left,1,4.578082191780822,55,31,pawn,2.5479452054794516
190307_6_me,4,4,Frog,t21,plug,left,0,4.578082191780822,55,31,plug,2.5479452054794516
190307_6_me,4,5,Dog,t09,t09,right,1,4.578082191780822,55,31,barrel,2.5479452054794516
190307_6_me,4,6,Monkey,t11,t11,left,1,4.578082191780822,55,31,duck,2.5479452054794516
190307_6_me,4,7,Sheep,t12,t12,right,1,4.578082191780822,55,31,eggplant,2.5479452054794516
190307_6_me,4,8,Pig,t02,t02,left,1,4.578082191780822,55,31,carrot,2.5479452054794516
190307_6_me,4,9,Bunny,t19,horseshoe,right,0,4.578082191780822,55,31,horseshoe,2.5479452054794516
190307_6_me,4,10,Elephant,t08,t08,right,1,4.578082191780822,55,31,apple,2.5479452054794516
190307_6_me,4,11,Cat,t14,t14,left,1,4.578082191780822,55,31,bread,2.5479452054794516
190307_6_me,4,12,Tiger,t07,t07,right,1,4.578082191780822,55,31,kite,2.5479452054794516
190307_7_me,3,1,Dog,t03,t03,left,1,3.408219178082192,41,17,kite,1.378082191780822
190307_7_me,3,2,Bear,t12,horseshoe,right,0,3.408219178082192,41,17,horseshoe,1.378082191780822
190307_7_me,3,3,Pig,t04,t04,right,1,3.408219178082192,41,17,apple,1.378082191780822
190307_7_me,3,4,Monkey,t19,t19,left,1,3.408219178082192,41,17,duck,1.378082191780822
190307_7_me,3,5,Bunny,t02,pawn,right,0,3.408219178082192,41,17,pawn,1.378082191780822
190307_7_me,3,6,Frog,t17,t17,right,1,3.408219178082192,41,17,carrot,1.378082191780822
190307_7_me,3,7,Mouse,t08,plug,left,0,3.408219178082192,41,17,plug,1.378082191780822
190307_7_me,3,8,Beaver,t07,t07,right,1,3.408219178082192,41,17,bread,1.378082191780822
190307_7_me,3,9,Tiger,t11,t11,left,1,3.408219178082192,41,17,eggplant,1.378082191780822
190307_7_me,3,10,Cat,t15,t15,left,1,3.408219178082192,41,17,garlic,1.378082191780822
190307_7_me,3,11,Elephant,t01,t01,right,1,3.408219178082192,41,17,papaya,1.378082191780822
190307_7_me,3,12,Sheep,t21,barrel,left,0,3.408219178082192,41,17,barrel,1.378082191780822
190307_8_me,3,1,Monkey,t14,t14,right,1,3.202739726027397,38,14,kite,1.172602739726027
190307_8_me,3,2,Beaver,t17,t17,left,1,3.202739726027397,38,14,garlic,1.172602739726027
190307_8_me,3,3,Bear,t04,horseshoe,right,0,3.202739726027397,38,14,horseshoe,1.172602739726027
190307_8_me,3,4,Dog,t12,papaya,left,0,3.202739726027397,38,14,papaya,1.172602739726027
190307_8_me,3,5,Sheep,t03,t03,right,1,3.202739726027397,38,14,eggplant,1.172602739726027
190307_8_me,3,6,Pig,t02,t02,right,1,3.202739726027397,38,14,pawn,1.172602739726027
190307_8_me,3,7,Bunny,t20,t20,right,1,3.202739726027397,38,14,barrel,1.172602739726027
190307_8_me,3,8,Elephant,t16,bread,left,0,3.202739726027397,38,14,bread,1.172602739726027
190307_8_me,3,9,Cat,t21,carrot,left,0,3.202739726027397,38,14,carrot,1.172602739726027
190307_8_me,3,10,Frog,t09,duck,left,0,3.202739726027397,38,14,duck,1.172602739726027
190307_8_me,3,11,Mouse,t08,t08,left,1,3.202739726027397,38,14,apple,1.172602739726027
190307_8_me,3,12,Tiger,t11,t11,right,1,3.202739726027397,38,14,plug,1.172602739726027
190307_9_me,4,1,Cat,t07,t07,left,1,4.03013698630137,48,24,barrel,2
190307_9_me,4,2,Sheep,t17,t17,right,1,4.03013698630137,48,24,plug,2
190307_9_me,4,3,Bear,t03,t03,right,1,4.03013698630137,48,24,apple,2
190307_9_me,4,4,Mouse,t02,t02,left,1,4.03013698630137,48,24,eggplant,2
190307_9_me,4,5,Elephant,t21,t21,right,1,4.03013698630137,48,24,kite,2
190307_9_me,4,6,Beaver,t09,t09,left,1,4.03013698630137,48,24,garlic,2
190307_9_me,4,7,Bunny,t08,t08,left,1,4.03013698630137,48,24,horseshoe,2
190307_9_me,4,8,Tiger,t14,t14,right,1,4.03013698630137,48,24,pawn,2
190307_9_me,4,9,Monkey,t16,t16,left,1,4.03013698630137,48,24,papaya,2
190307_9_me,4,10,Pig,t20,t20,right,1,4.03013698630137,48,24,bread,2
190307_9_me,4,11,Dog,t11,t11,right,1,4.03013698630137,48,24,carrot,2
190307_9_me,4,12,Frog,t04,t04,left,1,4.03013698630137,48,24,duck,2
190307_10_me,3,1,Bunny,t07,t07,right,1,3.96986301369863,48,24,plug,1.9397260273972599
190307_10_me,3,2,Frog,t02,t02,right,1,3.96986301369863,48,24,garlic,1.9397260273972599
190307_10_me,3,3,Sheep,t11,bread,left,0,3.96986301369863,48,24,bread,1.9397260273972599
190307_10_me,3,4,Beaver,t17,t17,right,1,3.96986301369863,48,24,carrot,1.9397260273972599
190307_10_me,3,5,Tiger,t12,t12,left,1,3.96986301369863,48,24,apple,1.9397260273972599
190307_10_me,3,6,Bear,t01,pawn,left,0,3.96986301369863,48,24,pawn,1.9397260273972599
190307_10_me,3,7,Elephant,t03,eggplant,left,0,3.96986301369863,48,24,eggplant,1.9397260273972599
190307_10_me,3,8,Monkey,t09,papaya,left,0,3.96986301369863,48,24,papaya,1.9397260273972599
190307_10_me,3,9,Cat,t14,horseshoe,left,0,3.96986301369863,48,24,horseshoe,1.9397260273972599
190307_10_me,3,10,Mouse,t08,t08,right,1,3.96986301369863,48,24,duck,1.9397260273972599
190307_10_me,3,11,Pig,t21,t21,right,1,3.96986301369863,48,24,barrel,1.9397260273972599
190307_10_me,3,12,Dog,t19,t19,right,1,3.96986301369863,48,24,kite,1.9397260273972599
190307_11_me,3,1,Frog,t14,t14,left,1,3.1452054794520548,38,14,papaya,1.1150684931506847
190307_11_me,3,2,Mouse,t04,t04,left,1,3.1452054794520548,38,14,horseshoe,1.1150684931506847
190307_11_me,3,3,Monkey,t16,t16,right,1,3.1452054794520548,38,14,carrot,1.1150684931506847
190307_11_me,3,4,Bunny,t02,t02,right,1,3.1452054794520548,38,14,kite,1.1150684931506847
190307_11_me,3,5,Bear,t12,t12,left,1,3.1452054794520548,38,14,eggplant,1.1150684931506847
190307_11_me,3,6,Cat,t09,barrel,left,0,3.1452054794520548,38,14,barrel,1.1150684931506847
190307_11_me,3,7,Dog,t17,t17,right,1,3.1452054794520548,38,14,apple,1.1150684931506847
190307_11_me,3,8,Elephant,t03,t03,right,1,3.1452054794520548,38,14,bread,1.1150684931506847
190307_11_me,3,9,Pig,t08,t08,right,1,3.1452054794520548,38,14,garlic,1.1150684931506847
190307_11_me,3,10,Sheep,t01,t01,left,1,3.1452054794520548,38,14,plug,1.1150684931506847
190307_11_me,3,11,Beaver,t21,pawn,left,0,3.1452054794520548,38,14,pawn,1.1150684931506847
190307_11_me,3,12,Tiger,t07,t07,right,1,3.1452054794520548,38,14,duck,1.1150684931506847
190308_2_me,2,1,Dog,t17,t17,right,1,2.863013698630137,34,10,plug,0.8328767123287668
190308_2_me,2,2,Bunny,t14,pawn,left,0,2.863013698630137,34,10,pawn,0.8328767123287668
190308_2_me,2,3,Cat,t12,garlic,left,0,2.863013698630137,34,10,garlic,0.8328767123287668
190308_2_me,2,4,Frog,t02,t02,left,1,2.863013698630137,34,10,apple,0.8328767123287668
190308_2_me,2,5,Elephant,t16,t16,right,1,2.863013698630137,34,10,bread,0.8328767123287668
190308_2_me,2,6,Beaver,t07,t07,right,1,2.863013698630137,34,10,carrot,0.8328767123287668
190308_2_me,2,7,Mouse,t11,t11,left,1,2.863013698630137,34,10,kite,0.8328767123287668
190308_2_me,2,8,Pig,t15,barrel,right,0,2.863013698630137,34,10,barrel,0.8328767123287668
190308_2_me,2,9,Monkey,t19,horseshoe,left,0,2.863013698630137,34,10,horseshoe,0.8328767123287668
190308_2_me,2,10,Sheep,t20,t20,right,1,2.863013698630137,34,10,duck,0.8328767123287668
190308_2_me,2,11,Tiger,t03,t03,right,1,2.863013698630137,34,10,papaya,0.8328767123287668
190308_2_me,2,12,Bear,t04,t04,left,1,2.863013698630137,34,10,eggplant,0.8328767123287668
190308_3_me,3,1,Tiger,t03,t03,right,1,3.408219178082192,41,17,bread,1.378082191780822
190308_3_me,3,2,Sheep,t01,t01,left,1,3.408219178082192,41,17,carrot,1.378082191780822
190308_3_me,3,3,Dog,t14,t14,left,1,3.408219178082192,41,17,pawn,1.378082191780822
190308_3_me,3,4,Monkey,t12,t12,left,1,3.408219178082192,41,17,garlic,1.378082191780822
190308_3_me,3,5,Pig,t15,horseshoe,right,0,3.408219178082192,41,17,horseshoe,1.378082191780822
190308_3_me,3,6,Beaver,t04,t04,left,1,3.408219178082192,41,17,kite,1.378082191780822
190308_3_me,3,7,Cat,t09,barrel,right,0,3.408219178082192,41,17,barrel,1.378082191780822
190308_3_me,3,8,Bear,t20,t20,right,1,3.408219178082192,41,17,duck,1.378082191780822
190308_3_me,3,9,Mouse,t07,t07,left,1,3.408219178082192,41,17,apple,1.378082191780822
190308_3_me,3,10,Elephant,t11,eggplant,right,0,3.408219178082192,41,17,eggplant,1.378082191780822
190308_3_me,3,11,Bunny,t08,plug,right,0,3.408219178082192,41,17,plug,1.378082191780822
190308_3_me,3,12,Frog,t02,t02,left,1,3.408219178082192,41,17,papaya,1.378082191780822
190308_4_me,2,1,Sheep,t14,t14,right,1,2.8575342465753426,34,10,carrot,0.8273972602739725
190308_4_me,2,2,Bunny,t02,t02,left,1,2.8575342465753426,34,10,apple,0.8273972602739725
190308_4_me,2,3,Cat,t09,t09,right,1,2.8575342465753426,34,10,papaya,0.8273972602739725
190308_4_me,2,4,Mouse,t11,t11,right,1,2.8575342465753426,34,10,plug,0.8273972602739725
190308_4_me,2,5,Beaver,t12,t12,right,1,2.8575342465753426,34,10,bread,0.8273972602739725
190308_4_me,2,6,Dog,t08,t08,right,1,2.8575342465753426,34,10,garlic,0.8273972602739725
190308_4_me,2,7,Tiger,t04,t04,right,1,2.8575342465753426,34,10,eggplant,0.8273972602739725
190308_4_me,2,8,Monkey,t16,duck,left,0,2.8575342465753426,34,10,duck,0.8273972602739725
190308_4_me,2,9,Elephant,t15,t15,left,1,2.8575342465753426,34,10,kite,0.8273972602739725
190308_4_me,2,10,Frog,t03,t03,left,1,2.8575342465753426,34,10,horseshoe,0.8273972602739725
190308_4_me,2,11,Bear,t19,pawn,left,0,2.8575342465753426,34,10,pawn,0.8273972602739725
190308_4_me,2,12,Pig,t01,barrel,left,0,2.8575342465753426,34,10,barrel,0.8273972602739725
190308_5_me,2,1,Monkey,t09,barrel,left,0,2.6164383561643834,31,7,barrel,0.5863013698630133
190308_5_me,2,2,Elephant,t12,carrot,right,0,2.6164383561643834,31,7,carrot,0.5863013698630133
190308_5_me,2,3,Cat,t20,t20,right,1,2.6164383561643834,31,7,garlic,0.5863013698630133
190308_5_me,2,4,Tiger,t04,t04,right,1,2.6164383561643834,31,7,plug,0.5863013698630133
190308_5_me,2,5,Bear,t15,horseshoe,left,0,2.6164383561643834,31,7,horseshoe,0.5863013698630133
190308_5_me,2,6,Mouse,t21,pawn,left,0,2.6164383561643834,31,7,pawn,0.5863013698630133
190308_5_me,2,7,Dog,t19,t19,right,1,2.6164383561643834,31,7,eggplant,0.5863013698630133
190308_5_me,2,8,Frog,t02,t02,right,1,2.6164383561643834,31,7,papaya,0.5863013698630133
190308_5_me,2,9,Pig,t11,bread,left,0,2.6164383561643834,31,7,bread,0.5863013698630133
190308_5_me,2,10,Beaver,t03,kite,left,0,2.6164383561643834,31,7,kite,0.5863013698630133
190308_5_me,2,11,Sheep,t07,t07,right,1,2.6164383561643834,31,7,duck,0.5863013698630133
190308_5_me,2,12,Bunny,t14,apple,left,0,2.6164383561643834,31,7,apple,0.5863013698630133
190308_6_me,3,1,Beaver,t09,t09,right,1,3.0794520547945203,37,13,bread,1.0493150684931503
190308_6_me,3,2,Bear,t16,barrel,left,0,3.0794520547945203,37,13,barrel,1.0493150684931503
190308_6_me,3,3,Monkey,t08,t08,right,1,3.0794520547945203,37,13,kite,1.0493150684931503
190308_6_me,3,4,Tiger,t02,garlic,right,0,3.0794520547945203,37,13,garlic,1.0493150684931503
190308_6_me,3,5,Mouse,t04,eggplant,left,0,3.0794520547945203,37,13,eggplant,1.0493150684931503
190308_6_me,3,6,Cat,t07,t07,right,1,3.0794520547945203,37,13,pawn,1.0493150684931503
190308_6_me,3,7,Bunny,t19,t19,left,1,3.0794520547945203,37,13,duck,1.0493150684931503
190308_6_me,3,8,Dog,t21,t21,left,1,3.0794520547945203,37,13,plug,1.0493150684931503
190308_6_me,3,9,Frog,t17,horseshoe,right,0,3.0794520547945203,37,13,horseshoe,1.0493150684931503
190308_6_me,3,10,Elephant,t20,papaya,right,0,3.0794520547945203,37,13,papaya,1.0493150684931503
190308_6_me,3,11,Sheep,t12,t12,left,1,3.0794520547945203,37,13,apple,1.0493150684931503
190308_6_me,3,12,Pig,t15,t15,left,1,3.0794520547945203,37,13,carrot,1.0493150684931503
190313_1_me,2,1,Tiger,t03,apple,right,0,2.8109589041095893,34,10,apple,0.7808219178082192
190313_1_me,2,2,Mouse,t19,t19,left,1,2.8109589041095893,34,10,barrel,0.7808219178082192
190313_1_me,2,3,Pig,t17,pawn,right,0,2.8109589041095893,34,10,pawn,0.7808219178082192
190313_1_me,2,4,Bear,t08,t08,left,1,2.8109589041095893,34,10,papaya,0.7808219178082192
190313_1_me,2,5,Frog,t21,plug,right,0,2.8109589041095893,34,10,plug,0.7808219178082192
190313_1_me,2,6,Elephant,t02,t02,left,1,2.8109589041095893,34,10,carrot,0.7808219178082192
190313_1_me,2,7,Bunny,t11,t11,left,1,2.8109589041095893,34,10,horseshoe,0.7808219178082192
190313_1_me,2,8,Sheep,t20,bread,right,0,2.8109589041095893,34,10,bread,0.7808219178082192
190313_1_me,2,9,Monkey,t09,garlic,right,0,2.8109589041095893,34,10,garlic,0.7808219178082192
190313_1_me,2,10,Cat,t04,kite,right,0,2.8109589041095893,34,10,kite,0.7808219178082192
190313_1_me,2,11,Beaver,t16,t16,left,1,2.8109589041095893,34,10,duck,0.7808219178082192
190313_1_me,2,12,Dog,t12,t12,left,1,2.8109589041095893,34,10,eggplant,0.7808219178082192
190313_2_me,3,1,Mouse,t04,t04,left,1,3.734246575342466,45,21,bread,1.7041095890410958
190313_2_me,3,2,Pig,t16,t16,left,1,3.734246575342466,45,21,garlic,1.7041095890410958
190313_2_me,3,3,Tiger,t14,t14,left,1,3.734246575342466,45,21,kite,1.7041095890410958
190313_2_me,3,4,Sheep,t08,t08,right,1,3.734246575342466,45,21,pawn,1.7041095890410958
190313_2_me,3,5,Elephant,t07,t07,left,1,3.734246575342466,45,21,duck,1.7041095890410958
190313_2_me,3,6,Dog,t19,barrel,right,0,3.734246575342466,45,21,barrel,1.7041095890410958
190313_2_me,3,7,Bear,t12,t12,right,1,3.734246575342466,45,21,carrot,1.7041095890410958
190313_2_me,3,8,Bunny,t21,t21,left,1,3.734246575342466,45,21,horseshoe,1.7041095890410958
190313_2_me,3,9,Beaver,t02,t02,left,1,3.734246575342466,45,21,papaya,1.7041095890410958
190313_2_me,3,10,Monkey,t09,plug,right,0,3.734246575342466,45,21,plug,1.7041095890410958
190313_2_me,3,11,Frog,t01,t01,right,1,3.734246575342466,45,21,apple,1.7041095890410958
190313_2_me,3,12,Cat,t11,t11,right,1,3.734246575342466,45,21,eggplant,1.7041095890410958
190313_3_me,2,1,Bear,t09,t09,left,1,2.589041095890411,31,7,apple,0.558904109589041
190313_3_me,2,2,Pig,t21,t21,left,1,2.589041095890411,31,7,carrot,0.558904109589041
190313_3_me,2,3,Beaver,t14,papaya,right,0,2.589041095890411,31,7,papaya,0.558904109589041
190313_3_me,2,4,Tiger,t04,barrel,right,0,2.589041095890411,31,7,barrel,0.558904109589041
190313_3_me,2,5,Mouse,t12,pawn,right,0,2.589041095890411,31,7,pawn,0.558904109589041
190313_3_me,2,6,Cat,t01,t01,left,1,2.589041095890411,31,7,eggplant,0.558904109589041
190313_3_me,2,7,Sheep,t17,bread,right,0,2.589041095890411,31,7,bread,0.558904109589041
190313_3_me,2,8,Monkey,t11,t11,left,1,2.589041095890411,31,7,plug,0.558904109589041
190313_3_me,2,9,Elephant,t02,horseshoe,right,0,2.589041095890411,31,7,horseshoe,0.558904109589041
190313_3_me,2,10,Frog,t20,kite,right,0,2.589041095890411,31,7,kite,0.558904109589041
190313_3_me,2,11,Dog,t03,t03,left,1,2.589041095890411,31,7,garlic,0.558904109589041
190313_3_me,2,12,Bunny,t07,t07,left,1,2.589041095890411,31,7,duck,0.558904109589041
190313_4_me,4,1,Elephant,t03,horseshoe,left,0,4.7315068493150685,57,33,horseshoe,2.7013698630136984
190313_4_me,4,2,Dog,t19,t19,left,1,4.7315068493150685,57,33,bread,2.7013698630136984
190313_4_me,4,3,Mouse,t20,t20,left,1,4.7315068493150685,57,33,duck,2.7013698630136984
190313_4_me,4,4,Frog,t11,t11,right,1,4.7315068493150685,57,33,garlic,2.7013698630136984
190313_4_me,4,5,Beaver,t15,t15,right,1,4.7315068493150685,57,33,eggplant,2.7013698630136984
190313_4_me,4,6,Bear,t12,t12,left,1,4.7315068493150685,57,33,apple,2.7013698630136984
190313_4_me,4,7,Cat,t09,t09,right,1,4.7315068493150685,57,33,carrot,2.7013698630136984
190313_4_me,4,8,Bunny,t16,t16,right,1,4.7315068493150685,57,33,barrel,2.7013698630136984
190313_4_me,4,9,Sheep,t14,t14,right,1,4.7315068493150685,57,33,papaya,2.7013698630136984
190313_4_me,4,10,Pig,t07,t07,left,1,4.7315068493150685,57,33,plug,2.7013698630136984
190313_4_me,4,11,Monkey,t17,pawn,right,0,4.7315068493150685,57,33,pawn,2.7013698630136984
190313_4_me,4,12,Tiger,t08,t08,left,1,4.7315068493150685,57,33,kite,2.7013698630136984
190313_5_me,3,1,Bunny,t09,garlic,right,0,3.032876712328767,36,12,garlic,1.002739726027397
190313_5_me,3,2,Mouse,t15,pawn,left,0,3.032876712328767,36,12,pawn,1.002739726027397
190313_5_me,3,3,Cat,t20,t20,left,1,3.032876712328767,36,12,kite,1.002739726027397
190313_5_me,3,4,Frog,t02,t02,left,1,3.032876712328767,36,12,eggplant,1.002739726027397
190313_5_me,3,5,Monkey,t03,barrel,right,0,3.032876712328767,36,12,barrel,1.002739726027397
190313_5_me,3,6,Bear,t16,t16,right,1,3.032876712328767,36,12,apple,1.002739726027397
190313_5_me,3,7,Dog,t01,t01,right,1,3.032876712328767,36,12,bread,1.002739726027397
190313_5_me,3,8,Pig,t17,t17,right,1,3.032876712328767,36,12,plug,1.002739726027397
190313_5_me,3,9,Sheep,t19,t19,right,1,3.032876712328767,36,12,horseshoe,1.002739726027397
190313_5_me,3,10,Beaver,t14,t14,left,1,3.032876712328767,36,12,carrot,1.002739726027397
190313_5_me,3,11,Tiger,t04,duck,left,0,3.032876712328767,36,12,duck,1.002739726027397
190313_5_me,3,12,Elephant,t11,papaya,left,0,3.032876712328767,36,12,papaya,1.002739726027397
190313_6_me,4,1,Elephant,t02,t02,left,1,4.813698630136987,58,34,bread,2.7835616438356166
190313_6_me,4,2,Pig,t15,t15,left,1,4.813698630136987,58,34,barrel,2.7835616438356166
190313_6_me,4,3,Frog,t14,t14,left,1,4.813698630136987,58,34,eggplant,2.7835616438356166
190313_6_me,4,4,Mouse,t03,t03,right,1,4.813698630136987,58,34,kite,2.7835616438356166
190313_6_me,4,5,Dog,t19,t19,right,1,4.813698630136987,58,34,duck,2.7835616438356166
190313_6_me,4,6,Monkey,t09,t09,left,1,4.813698630136987,58,34,garlic,2.7835616438356166
190313_6_me,4,7,Bunny,t11,t11,left,1,4.813698630136987,58,34,apple,2.7835616438356166
190313_6_me,4,8,Beaver,t12,t12,right,1,4.813698630136987,58,34,papaya,2.7835616438356166
190313_6_me,4,9,Tiger,t01,plug,left,0,4.813698630136987,58,34,plug,2.7835616438356166
190313_6_me,4,10,Bear,t07,t07,right,1,4.813698630136987,58,34,carrot,2.7835616438356166
190313_6_me,4,11,Cat,t20,t20,right,1,4.813698630136987,58,34,pawn,2.7835616438356166
190313_6_me,4,12,Sheep,t08,t08,right,1,4.813698630136987,58,34,horseshoe,2.7835616438356166
190313_7_me,3,1,Sheep,t04,t04,right,1,3.326027397260274,40,16,plug,1.2958904109589038
190313_7_me,3,2,Frog,t08,t08,right,1,3.326027397260274,40,16,apple,1.2958904109589038
190313_7_me,3,3,Beaver,t19,t19,left,1,3.326027397260274,40,16,duck,1.2958904109589038
190313_7_me,3,4,Tiger,t17,t17,right,1,3.326027397260274,40,16,horseshoe,1.2958904109589038
190313_7_me,3,5,Pig,t14,t14,left,1,3.326027397260274,40,16,barrel,1.2958904109589038
190313_7_me,3,6,Bunny,t21,t21,right,1,3.326027397260274,40,16,pawn,1.2958904109589038
190313_7_me,3,7,Cat,t09,kite,left,0,3.326027397260274,40,16,kite,1.2958904109589038
190313_7_me,3,8,Elephant,t20,t20,left,1,3.326027397260274,40,16,eggplant,1.2958904109589038
190313_7_me,3,9,Monkey,t11,t11,left,1,3.326027397260274,40,16,bread,1.2958904109589038
190313_7_me,3,10,Mouse,t15,t15,right,1,3.326027397260274,40,16,papaya,1.2958904109589038
190313_7_me,3,11,Dog,t07,t07,right,1,3.326027397260274,40,16,carrot,1.2958904109589038
190313_7_me,3,12,Bear,t03,t03,left,1,3.326027397260274,40,16,garlic,1.2958904109589038
190313_8_me,2,1,Pig,t16,t16,right,1,2.841095890410959,34,10,plug,0.8109589041095888
190313_8_me,2,2,Beaver,t14,garlic,left,0,2.841095890410959,34,10,garlic,0.8109589041095888
190313_8_me,2,3,Frog,t08,barrel,left,0,2.841095890410959,34,10,barrel,0.8109589041095888
190313_8_me,2,4,Monkey,t03,horseshoe,left,0,2.841095890410959,34,10,horseshoe,0.8109589041095888
190313_8_me,2,5,Bear,t07,pawn,left,0,2.841095890410959,34,10,pawn,0.8109589041095888
190313_8_me,2,6,Sheep,t21,t21,right,1,2.841095890410959,34,10,eggplant,0.8109589041095888
190313_8_me,2,7,Cat,t15,t15,left,1,2.841095890410959,34,10,bread,0.8109589041095888
190313_8_me,2,8,Elephant,t01,t01,left,1,2.841095890410959,34,10,carrot,0.8109589041095888
190313_8_me,2,9,Bunny,t09,t09,right,1,2.841095890410959,34,10,kite,0.8109589041095888
190313_8_me,2,10,Mouse,t17,t17,right,1,2.841095890410959,34,10,apple,0.8109589041095888
190313_8_me,2,11,Tiger,t19,t19,right,1,2.841095890410959,34,10,papaya,0.8109589041095888
190313_8_me,2,12,Dog,t02,t02,right,1,2.841095890410959,34,10,duck,0.8109589041095888
190313_9_me,4,1,Elephant,t15,t15,right,1,4.295890410958904,52,28,apple,2.265753424657534
190313_9_me,4,2,Tiger,t19,carrot,left,0,4.295890410958904,52,28,carrot,2.265753424657534
190313_9_me,4,3,Bear,t08,t08,right,1,4.295890410958904,52,28,eggplant,2.265753424657534
190313_9_me,4,4,Monkey,t09,horseshoe,left,0,4.295890410958904,52,28,horseshoe,2.265753424657534
190313_9_me,4,5,Pig,t11,t11,right,1,4.295890410958904,52,28,barrel,2.265753424657534
190313_9_me,4,6,Cat,t14,t14,right,1,4.295890410958904,52,28,kite,2.265753424657534
190313_9_me,4,7,Sheep,t17,plug,left,0,4.295890410958904,52,28,plug,2.265753424657534
190313_9_me,4,8,Beaver,t01,bread,left,0,4.295890410958904,52,28,bread,2.265753424657534
190313_9_me,4,9,Dog,t03,pawn,left,0,4.295890410958904,52,28,pawn,2.265753424657534
190313_9_me,4,10,Frog,t04,t04,right,1,4.295890410958904,52,28,papaya,2.265753424657534
190313_9_me,4,11,Bunny,t07,t07,right,1,4.295890410958904,52,28,garlic,2.265753424657534
190313_9_me,4,12,Mouse,t12,duck,left,0,4.295890410958904,52,28,duck,2.265753424657534
190313_10_me,2,1,Mouse,t16,plug,left,0,2.3863013698630136,29,5,plug,0.3561643835616435
190313_10_me,2,2,Bear,t07,carrot,left,0,2.3863013698630136,29,5,carrot,0.3561643835616435
190313_10_me,2,3,Sheep,t15,duck,right,0,2.3863013698630136,29,5,duck,0.3561643835616435
190313_10_me,2,4,Monkey,t09,t09,right,1,2.3863013698630136,29,5,pawn,0.3561643835616435
190313_10_me,2,5,Elephant,t03,t03,right,1,2.3863013698630136,29,5,garlic,0.3561643835616435
190313_10_me,2,6,Beaver,t08,t08,right,1,2.3863013698630136,29,5,papaya,0.3561643835616435
190313_10_me,2,7,Bunny,t17,bread,left,0,2.3863013698630136,29,5,bread,0.3561643835616435
190313_10_me,2,8,Cat,t14,t14,right,1,2.3863013698630136,29,5,apple,0.3561643835616435
190313_10_me,2,9,Pig,t21,eggplant,left,0,2.3863013698630136,29,5,eggplant,0.3561643835616435
190313_10_me,2,10,Dog,t04,horseshoe,left,0,2.3863013698630136,29,5,horseshoe,0.3561643835616435
190313_10_me,2,11,Frog,t02,barrel,left,0,2.3863013698630136,29,5,barrel,0.3561643835616435
190313_10_me,2,12,Tiger,t01,t01,right,1,2.3863013698630136,29,5,kite,0.3561643835616435
190313_11_me,2,1,Tiger,t21,t21,left,1,2.9013698630136986,35,11,duck,0.8712328767123285
190313_11_me,2,2,Bunny,t08,horseshoe,right,0,2.9013698630136986,35,11,horseshoe,0.8712328767123285
190313_11_me,2,3,Frog,t11,t11,right,1,2.9013698630136986,35,11,papaya,0.8712328767123285
190313_11_me,2,4,Bear,t03,t03,left,1,2.9013698630136986,35,11,apple,0.8712328767123285
190313_11_me,2,5,Elephant,t12,t12,right,1,2.9013698630136986,35,11,bread,0.8712328767123285
190313_11_me,2,6,Pig,t19,barrel,left,0,2.9013698630136986,35,11,barrel,0.8712328767123285
190313_11_me,2,7,Cat,t15,t15,left,1,2.9013698630136986,35,11,kite,0.8712328767123285
190313_11_me,2,8,Mouse,t17,t17,left,1,2.9013698630136986,35,11,pawn,0.8712328767123285
190313_11_me,2,9,Sheep,t20,t20,left,1,2.9013698630136986,35,11,carrot,0.8712328767123285
190313_11_me,2,10,Beaver,t02,t02,right,1,2.9013698630136986,35,11,plug,0.8712328767123285
190313_11_me,2,11,Monkey,t16,t16,right,1,2.9013698630136986,35,11,garlic,0.8712328767123285
190313_11_me,2,12,Dog,t07,t07,right,1,2.9013698630136986,35,11,eggplant,0.8712328767123285
190314_1_me,2,1,Sheep,t08,t08,left,1,2.6465753424657534,32,8,kite,0.6164383561643834
190314_1_me,2,2,Mouse,t04,t04,right,1,2.6465753424657534,32,8,barrel,0.6164383561643834
190314_1_me,2,3,Pig,t09,t09,left,1,2.6465753424657534,32,8,carrot,0.6164383561643834
190314_1_me,2,4,Beaver,t15,pawn,right,0,2.6465753424657534,32,8,pawn,0.6164383561643834
190314_1_me,2,5,Elephant,t19,t19,right,1,2.6465753424657534,32,8,papaya,0.6164383561643834
190314_1_me,2,6,Frog,t16,plug,right,0,2.6465753424657534,32,8,plug,0.6164383561643834
190314_1_me,2,7,Dog,t17,horseshoe,right,0,2.6465753424657534,32,8,horseshoe,0.6164383561643834
190314_1_me,2,8,Bear,t14,t14,right,1,2.6465753424657534,32,8,garlic,0.6164383561643834
190314_1_me,2,9,Monkey,t01,t01,left,1,2.6465753424657534,32,8,apple,0.6164383561643834
190314_1_me,2,10,Bunny,t03,t03,left,1,2.6465753424657534,32,8,duck,0.6164383561643834
190314_1_me,2,11,Cat,t20,t20,left,1,2.6465753424657534,32,8,bread,0.6164383561643834
190314_1_me,2,12,Tiger,t12,t12,left,1,2.6465753424657534,32,8,eggplant,0.6164383561643834
190314_2_me,3,1,Sheep,t03,t03,right,1,3.789041095890411,45,21,bread,1.7589041095890408
190314_2_me,3,2,Dog,t15,t15,left,1,3.789041095890411,45,21,plug,1.7589041095890408
190314_2_me,3,3,Bunny,t19,t19,left,1,3.789041095890411,45,21,garlic,1.7589041095890408
190314_2_me,3,4,Frog,t14,t14,left,1,3.789041095890411,45,21,pawn,1.7589041095890408
190314_2_me,3,5,Beaver,t16,t16,left,1,3.789041095890411,45,21,apple,1.7589041095890408
190314_2_me,3,6,Monkey,t01,t01,left,1,3.789041095890411,45,21,carrot,1.7589041095890408
190314_2_me,3,7,Pig,t04,t04,right,1,3.789041095890411,45,21,horseshoe,1.7589041095890408
190314_2_me,3,8,Bear,t11,t11,right,1,3.789041095890411,45,21,papaya,1.7589041095890408
190314_2_me,3,9,Mouse,t07,t07,right,1,3.789041095890411,45,21,duck,1.7589041095890408
190314_2_me,3,10,Tiger,t08,t08,right,1,3.789041095890411,45,21,eggplant,1.7589041095890408
190314_2_me,3,11,Elephant,t20,barrel,right,0,3.789041095890411,45,21,barrel,1.7589041095890408
190314_2_me,3,12,Cat,t02,t02,left,1,3.789041095890411,45,21,kite,1.7589041095890408
190314_4_me,3,1,Monkey,t03,t03,left,1,3.7643835616438355,45,21,pawn,1.7342465753424654
190314_4_me,3,2,Frog,t12,t12,right,1,3.7643835616438355,45,21,apple,1.7342465753424654
190314_4_me,3,3,Bunny,t19,t19,right,1,3.7643835616438355,45,21,papaya,1.7342465753424654
190314_4_me,3,4,Beaver,t17,t17,right,1,3.7643835616438355,45,21,bread,1.7342465753424654
190314_4_me,3,5,Mouse,t04,barrel,left,0,3.7643835616438355,45,21,barrel,1.7342465753424654
190314_4_me,3,6,Bear,t15,t15,right,1,3.7643835616438355,45,21,plug,1.7342465753424654
190314_4_me,3,7,Sheep,t02,t02,left,1,3.7643835616438355,45,21,duck,1.7342465753424654
190314_4_me,3,8,Dog,t07,t07,left,1,3.7643835616438355,45,21,kite,1.7342465753424654
190314_4_me,3,9,Tiger,t09,t09,right,1,3.7643835616438355,45,21,eggplant,1.7342465753424654
190314_4_me,3,10,Cat,t14,garlic,left,0,3.7643835616438355,45,21,garlic,1.7342465753424654
190314_4_me,3,11,Elephant,t11,t11,right,1,3.7643835616438355,45,21,carrot,1.7342465753424654
190314_4_me,3,12,Pig,t21,horseshoe,left,0,3.7643835616438355,45,21,horseshoe,1.7342465753424654
190314_5_me,2,1,Beaver,t20,plug,right,0,2.6876712328767125,32,8,plug,0.6575342465753424
190314_5_me,2,2,Sheep,t09,horseshoe,right,0,2.6876712328767125,32,8,horseshoe,0.6575342465753424
190314_5_me,2,3,Bear,t19,pawn,right,0,2.6876712328767125,32,8,pawn,0.6575342465753424
190314_5_me,2,4,Frog,t17,t17,left,1,2.6876712328767125,32,8,kite,0.6575342465753424
190314_5_me,2,5,Monkey,t11,papaya,right,0,2.6876712328767125,32,8,papaya,0.6575342465753424
190314_5_me,2,6,Cat,t07,t07,right,1,2.6876712328767125,32,8,apple,0.6575342465753424
190314_5_me,2,7,Mouse,t16,t16,left,1,2.6876712328767125,32,8,eggplant,0.6575342465753424
190314_5_me,2,8,Elephant,t02,t02,left,1,2.6876712328767125,32,8,carrot,0.6575342465753424
190314_5_me,2,9,Bunny,t21,t21,left,1,2.6876712328767125,32,8,garlic,0.6575342465753424
190314_5_me,2,10,Dog,t15,t15,right,1,2.6876712328767125,32,8,duck,0.6575342465753424
190314_5_me,2,11,Tiger,t14,t14,left,1,2.6876712328767125,32,8,barrel,0.6575342465753424
190314_5_me,2,12,Pig,t08,t08,left,1,2.6876712328767125,32,8,bread,0.6575342465753424
190314_6_me,4,1,Monkey,t08,t08,right,1,4.317808219178082,52,28,plug,2.287671232876712
190314_6_me,4,2,Mouse,t04,t04,right,1,4.317808219178082,52,28,barrel,2.287671232876712
190314_6_me,4,3,Cat,t03,t03,right,1,4.317808219178082,52,28,duck,2.287671232876712
190314_6_me,4,4,Frog,t16,t16,right,1,4.317808219178082,52,28,pawn,2.287671232876712
190314_6_me,4,5,Pig,t15,t15,left,1,4.317808219178082,52,28,papaya,2.287671232876712
190314_6_me,4,6,Beaver,t19,t19,left,1,4.317808219178082,52,28,bread,2.287671232876712
190314_6_me,4,7,Elephant,t09,t09,right,1,4.317808219178082,52,28,apple,2.287671232876712
190314_6_me,4,8,Sheep,t07,t07,left,1,4.317808219178082,52,28,garlic,2.287671232876712
190314_6_me,4,9,Bear,t02,t02,right,1,4.317808219178082,52,28,kite,2.287671232876712
190314_6_me,4,10,Bunny,t12,t12,left,1,4.317808219178082,52,28,horseshoe,2.287671232876712
190314_6_me,4,11,Dog,t01,t01,left,1,4.317808219178082,52,28,eggplant,2.287671232876712
190314_6_me,4,12,Tiger,t14,t14,left,1,4.317808219178082,52,28,carrot,2.287671232876712
190314_8_me,3,1,Dog,t16,t16,left,1,3.8684931506849316,46,22,plug,1.8383561643835615
190314_8_me,3,2,Bunny,t11,t11,right,1,3.8684931506849316,46,22,duck,1.8383561643835615
190314_8_me,3,3,Elephant,t19,t19,right,1,3.8684931506849316,46,22,pawn,1.8383561643835615
190314_8_me,3,4,Cat,t17,t17,right,1,3.8684931506849316,46,22,barrel,1.8383561643835615
190314_8_me,3,5,Beaver,t03,bread,left,0,3.8684931506849316,46,22,bread,1.8383561643835615
190314_8_me,3,6,Tiger,t20,t20,right,1,3.8684931506849316,46,22,kite,1.8383561643835615
190314_8_me,3,7,Pig,t07,eggplant,left,0,3.8684931506849316,46,22,eggplant,1.8383561643835615
190314_8_me,3,8,Sheep,t12,t12,right,1,3.8684931506849316,46,22,carrot,1.8383561643835615
190314_8_me,3,9,Frog,t02,horseshoe,left,0,3.8684931506849316,46,22,horseshoe,1.8383561643835615
190314_8_me,3,10,Mouse,t14,garlic,left,0,3.8684931506849316,46,22,garlic,1.8383561643835615
190314_8_me,3,11,Monkey,t08,apple,left,0,3.8684931506849316,46,22,apple,1.8383561643835615
190314_8_me,3,12,Bear,t04,t04,right,1,3.8684931506849316,46,22,papaya,1.8383561643835615
190314_9_me,3,1,Mouse,t17,t17,right,1,3.6164383561643834,43,19,bread,1.5863013698630133
190314_9_me,3,2,Pig,t02,t02,right,1,3.6164383561643834,43,19,eggplant,1.5863013698630133
190314_9_me,3,3,Dog,t04,t04,right,1,3.6164383561643834,43,19,pawn,1.5863013698630133
190314_9_me,3,4,Monkey,t19,t19,left,1,3.6164383561643834,43,19,barrel,1.5863013698630133
190314_9_me,3,5,Elephant,t08,t08,right,1,3.6164383561643834,43,19,plug,1.5863013698630133
190314_9_me,3,6,Bear,t11,horseshoe,left,0,3.6164383561643834,43,19,horseshoe,1.5863013698630133
190314_9_me,3,7,Frog,t16,t16,left,1,3.6164383561643834,43,19,carrot,1.5863013698630133
190314_9_me,3,8,Tiger,t09,papaya,left,0,3.6164383561643834,43,19,papaya,1.5863013698630133
190314_9_me,3,9,Beaver,t07,t07,right,1,3.6164383561643834,43,19,apple,1.5863013698630133
190314_9_me,3,10,Sheep,t01,garlic,left,0,3.6164383561643834,43,19,garlic,1.5863013698630133
190314_9_me,3,11,Cat,t15,t15,left,1,3.6164383561643834,43,19,kite,1.5863013698630133
190314_9_me,3,12,Bunny,t20,t20,right,1,3.6164383561643834,43,19,duck,1.5863013698630133
190315_1_me,4,1,Pig,t02,t02,right,1,4.657534246575342,56,32,plug,2.6273972602739724
190315_1_me,4,2,Tiger,t15,t15,right,1,4.657534246575342,56,32,papaya,2.6273972602739724
190315_1_me,4,3,Monkey,t04,t04,right,1,4.657534246575342,56,32,carrot,2.6273972602739724
190315_1_me,4,4,Bunny,t08,t08,left,1,4.657534246575342,56,32,barrel,2.6273972602739724
190315_1_me,4,5,Frog,t16,t16,left,1,4.657534246575342,56,32,apple,2.6273972602739724
190315_1_me,4,6,Bear,t03,t03,left,1,4.657534246575342,56,32,pawn,2.6273972602739724
190315_1_me,4,7,Cat,t11,t11,left,1,4.657534246575342,56,32,eggplant,2.6273972602739724
190315_1_me,4,8,Sheep,t14,t14,right,1,4.657534246575342,56,32,duck,2.6273972602739724
190315_1_me,4,9,Dog,t07,t07,right,1,4.657534246575342,56,32,bread,2.6273972602739724
190315_1_me,4,10,Elephant,t12,horseshoe,left,0,4.657534246575342,56,32,horseshoe,2.6273972602739724
190315_1_me,4,11,Beaver,t21,t21,left,1,4.657534246575342,56,32,garlic,2.6273972602739724
190315_1_me,4,12,Mouse,t17,t17,right,1,4.657534246575342,56,32,kite,2.6273972602739724
190315_2_me,3,1,Pig,t11,t11,right,1,3.893150684931507,47,23,bread,1.8630136986301369
190315_2_me,3,2,Bear,t19,pawn,left,0,3.893150684931507,47,23,pawn,1.8630136986301369
190315_2_me,3,3,Sheep,t17,t17,left,1,3.893150684931507,47,23,apple,1.8630136986301369
190315_2_me,3,4,Tiger,t14,barrel,right,0,3.893150684931507,47,23,barrel,1.8630136986301369
190315_2_me,3,5,Frog,t04,t04,left,1,3.893150684931507,47,23,eggplant,1.8630136986301369
190315_2_me,3,6,Cat,t16,t16,left,1,3.893150684931507,47,23,garlic,1.8630136986301369
190315_2_me,3,7,Dog,t15,t15,right,1,3.893150684931507,47,23,duck,1.8630136986301369
190315_2_me,3,8,Monkey,t12,t12,right,1,3.893150684931507,47,23,horseshoe,1.8630136986301369
190315_2_me,3,9,Mouse,t08,t08,right,1,3.893150684931507,47,23,carrot,1.8630136986301369
190315_2_me,3,10,Elephant,t03,papaya,left,0,3.893150684931507,47,23,papaya,1.8630136986301369
190315_2_me,3,11,Beaver,t09,t09,right,1,3.893150684931507,47,23,kite,1.8630136986301369
190315_2_me,3,12,Bunny,t21,plug,left,0,3.893150684931507,47,23,plug,1.8630136986301369
190315_3_me,4,1,Cat,t12,t12,right,1,4.391780821917808,53,29,eggplant,2.361643835616438
190315_3_me,4,2,Beaver,t07,t07,right,1,4.391780821917808,53,29,carrot,2.361643835616438
190315_3_me,4,3,Bear,t11,t11,left,1,4.391780821917808,53,29,papaya,2.361643835616438
190315_3_me,4,4,Mouse,t17,t17,left,1,4.391780821917808,53,29,apple,2.361643835616438
190315_3_me,4,5,Frog,t21,barrel,left,0,4.391780821917808,53,29,barrel,2.361643835616438
190315_3_me,4,6,Dog,t09,garlic,right,0,4.391780821917808,53,29,garlic,2.361643835616438
190315_3_me,4,7,Sheep,t19,t19,left,1,4.391780821917808,53,29,duck,2.361643835616438
190315_3_me,4,8,Bunny,t14,t14,left,1,4.391780821917808,53,29,bread,2.361643835616438
190315_3_me,4,9,Tiger,t04,t04,right,1,4.391780821917808,53,29,horseshoe,2.361643835616438
190315_3_me,4,10,Elephant,t01,pawn,left,0,4.391780821917808,53,29,pawn,2.361643835616438
190315_3_me,4,11,Monkey,t16,t16,right,1,4.391780821917808,53,29,kite,2.361643835616438
190315_3_me,4,12,Pig,t08,plug,right,0,4.391780821917808,53,29,plug,2.361643835616438
190315_4_me,4,1,Dog,t20,plug,left,0,4.397260273972603,53,29,plug,2.367123287671233
190315_4_me,4,2,Monkey,t03,t03,right,1,4.397260273972603,53,29,duck,2.367123287671233
190315_4_me,4,3,Frog,t14,t14,right,1,4.397260273972603,53,29,bread,2.367123287671233
190315_4_me,4,4,Tiger,t12,t12,right,1,4.397260273972603,53,29,eggplant,2.367123287671233
190315_4_me,4,5,Pig,t19,t19,right,1,4.397260273972603,53,29,carrot,2.367123287671233
190315_4_me,4,6,Mouse,t08,t08,right,1,4.397260273972603,53,29,kite,2.367123287671233
190315_4_me,4,7,Elephant,t21,barrel,left,0,4.397260273972603,53,29,barrel,2.367123287671233
190315_4_me,4,8,Sheep,t02,t02,left,1,4.397260273972603,53,29,papaya,2.367123287671233
190315_4_me,4,9,Cat,t15,t15,left,1,4.397260273972603,53,29,pawn,2.367123287671233
190315_4_me,4,10,Bear,t09,t09,left,1,4.397260273972603,53,29,apple,2.367123287671233
190315_4_me,4,11,Bunny,t16,t16,right,1,4.397260273972603,53,29,horseshoe,2.367123287671233
190315_4_me,4,12,Beaver,t04,garlic,left,0,4.397260273972603,53,29,garlic,2.367123287671233
190315_5_me,2,1,Elephant,t11,t11,right,1,2.682191780821918,32,8,garlic,0.6520547945205477
190315_5_me,2,2,Dog,t03,plug,left,0,2.682191780821918,32,8,plug,0.6520547945205477
190315_5_me,2,3,Sheep,t08,t08,right,1,2.682191780821918,32,8,apple,0.6520547945205477
190315_5_me,2,4,Mouse,t02,papaya,left,0,2.682191780821918,32,8,papaya,0.6520547945205477
190315_5_me,2,5,Monkey,t04,t04,right,1,2.682191780821918,32,8,horseshoe,0.6520547945205477
190315_5_me,2,6,Beaver,t15,t15,right,1,2.682191780821918,32,8,duck,0.6520547945205477
190315_5_me,2,7,Cat,t17,t17,right,1,2.682191780821918,32,8,kite,0.6520547945205477
190315_5_me,2,8,Pig,t09,eggplant,left,0,2.682191780821918,32,8,eggplant,0.6520547945205477
190315_5_me,2,9,Frog,t21,t21,right,1,2.682191780821918,32,8,pawn,0.6520547945205477
190315_5_me,2,10,Bunny,t19,bread,left,0,2.682191780821918,32,8,bread,0.6520547945205477
190315_5_me,2,11,Bear,t16,barrel,left,0,2.682191780821918,32,8,barrel,0.6520547945205477
190315_5_me,2,12,Tiger,t14,carrot,left,0,2.682191780821918,32,8,carrot,0.6520547945205477
190315_6_me,3,1,Frog,t01,t01,left,1,3.7095890410958905,45,21,garlic,1.6794520547945204
190315_6_me,3,2,Bunny,t09,t09,right,1,3.7095890410958905,45,21,duck,1.6794520547945204
190315_6_me,3,3,Elephant,t14,t14,right,1,3.7095890410958905,45,21,apple,1.6794520547945204
190315_6_me,3,4,Mouse,t17,t17,left,1,3.7095890410958905,45,21,horseshoe,1.6794520547945204
190315_6_me,3,5,Monkey,t08,t08,left,1,3.7095890410958905,45,21,bread,1.6794520547945204
190315_6_me,3,6,Tiger,t03,t03,left,1,3.7095890410958905,45,21,carrot,1.6794520547945204
190315_6_me,3,7,Beaver,t16,eggplant,right,0,3.7095890410958905,45,21,eggplant,1.6794520547945204
190315_6_me,3,8,Bear,t19,pawn,right,0,3.7095890410958905,45,21,pawn,1.6794520547945204
190315_6_me,3,9,Pig,t21,t21,left,1,3.7095890410958905,45,21,kite,1.6794520547945204
190315_6_me,3,10,Cat,t02,t02,right,1,3.7095890410958905,45,21,papaya,1.6794520547945204
190315_6_me,3,11,Sheep,t20,plug,right,0,3.7095890410958905,45,21,plug,1.6794520547945204
190315_6_me,3,12,Dog,t07,barrel,left,0,3.7095890410958905,45,21,barrel,1.6794520547945204
190315_7_me,3,1,Bear,t02,horseshoe,left,0,3.1780821917808217,38,14,horseshoe,1.1479452054794517
190315_7_me,3,2,Sheep,t04,pawn,left,0,3.1780821917808217,38,14,pawn,1.1479452054794517
190315_7_me,3,3,Beaver,t03,t03,right,1,3.1780821917808217,38,14,bread,1.1479452054794517
190315_7_me,3,4,Frog,t21,t21,right,1,3.1780821917808217,38,14,eggplant,1.1479452054794517
190315_7_me,3,5,Mouse,t19,t19,right,1,3.1780821917808217,38,14,apple,1.1479452054794517
190315_7_me,3,6,Monkey,t12,t12,right,1,3.1780821917808217,38,14,garlic,1.1479452054794517
190315_7_me,3,7,Tiger,t09,t09,left,1,3.1780821917808217,38,14,duck,1.1479452054794517
190315_7_me,3,8,Dog,t14,carrot,left,0,3.1780821917808217,38,14,carrot,1.1479452054794517
190315_7_me,3,9,Cat,t01,kite,left,0,3.1780821917808217,38,14,kite,1.1479452054794517
190315_7_me,3,10,Elephant,t15,t15,right,1,3.1780821917808217,38,14,papaya,1.1479452054794517
190315_7_me,3,11,Pig,t07,plug,left,0,3.1780821917808217,38,14,plug,1.1479452054794517
190315_7_me,3,12,Bunny,t08,t08,right,1,3.1780821917808217,38,14,barrel,1.1479452054794517
190315_8_me,3,1,Mouse,t14,pawn,left,0,3.750684931506849,45,21,pawn,1.720547945205479
190315_8_me,3,2,Tiger,t11,t11,right,1,3.750684931506849,45,21,barrel,1.720547945205479
190315_8_me,3,3,Frog,t04,t04,right,1,3.750684931506849,45,21,carrot,1.720547945205479
190315_8_me,3,4,Monkey,t02,t02,left,1,3.750684931506849,45,21,duck,1.720547945205479
190315_8_me,3,5,Bear,t21,t21,right,1,3.750684931506849,45,21,apple,1.720547945205479
190315_8_me,3,6,Sheep,t01,t01,left,1,3.750684931506849,45,21,kite,1.720547945205479
190315_8_me,3,7,Dog,t12,t12,right,1,3.750684931506849,45,21,plug,1.720547945205479
190315_8_me,3,8,Elephant,t17,t17,right,1,3.750684931506849,45,21,papaya,1.720547945205479
190315_8_me,3,9,Cat,t15,t15,left,1,3.750684931506849,45,21,eggplant,1.720547945205479
190315_8_me,3,10,Beaver,t09,t09,right,1,3.750684931506849,45,21,bread,1.720547945205479
190315_8_me,3,11,Bunny,t03,t03,left,1,3.750684931506849,45,21,garlic,1.720547945205479
190315_8_me,3,12,Pig,t19,t19,left,1,3.750684931506849,45,21,horseshoe,1.720547945205479
190315_9_me,3,1,Tiger,t02,t02,right,1,3.328767123287671,40,16,bread,1.2986301369863011
190315_9_me,3,2,Beaver,t19,barrel,right,0,3.328767123287671,40,16,barrel,1.2986301369863011
190315_9_me,3,3,Bunny,t14,t14,left,1,3.328767123287671,40,16,eggplant,1.2986301369863011
190315_9_me,3,4,Monkey,t15,horseshoe,left,0,3.328767123287671,40,16,horseshoe,1.2986301369863011
190315_9_me,3,5,Pig,t09,t09,right,1,3.328767123287671,40,16,kite,1.2986301369863011
190315_9_me,3,6,Dog,t16,t16,left,1,3.328767123287671,40,16,carrot,1.2986301369863011
190315_9_me,3,7,Mouse,t04,t04,left,1,3.328767123287671,40,16,plug,1.2986301369863011
190315_9_me,3,8,Bear,t12,t12,left,1,3.328767123287671,40,16,pawn,1.2986301369863011
190315_9_me,3,9,Elephant,t07,t07,left,1,3.328767123287671,40,16,duck,1.2986301369863011
190315_9_me,3,10,Sheep,t03,t03,right,1,3.328767123287671,40,16,apple,1.2986301369863011
190315_9_me,3,11,Cat,t21,papaya,right,0,3.328767123287671,40,16,papaya,1.2986301369863011
190315_9_me,3,12,Frog,t01,t01,right,1,3.328767123287671,40,16,garlic,1.2986301369863011
190315_10_me,3,1,Tiger,t08,t08,left,1,3.328767123287671,40,16,pawn,1.2986301369863011
190315_10_me,3,2,Dog,t16,t16,right,1,3.328767123287671,40,16,bread,1.2986301369863011
190315_10_me,3,3,Sheep,t20,t20,left,1,3.328767123287671,40,16,horseshoe,1.2986301369863011
190315_10_me,3,4,Cat,t09,t09,right,1,3.328767123287671,40,16,carrot,1.2986301369863011
190315_10_me,3,5,Mouse,t01,plug,right,0,3.328767123287671,40,16,plug,1.2986301369863011
190315_10_me,3,6,Bunny,t21,eggplant,left,0,3.328767123287671,40,16,eggplant,1.2986301369863011
190315_10_me,3,7,Beaver,t04,t04,right,1,3.328767123287671,40,16,garlic,1.2986301369863011
190315_10_me,3,8,Frog,t02,t02,left,1,3.328767123287671,40,16,apple,1.2986301369863011
190315_10_me,3,9,Bear,t19,t19,right,1,3.328767123287671,40,16,duck,1.2986301369863011
190315_10_me,3,10,Pig,t12,t12,right,1,3.328767123287671,40,16,papaya,1.2986301369863011
190315_10_me,3,11,Elephant,t03,t03,left,1,3.328767123287671,40,16,kite,1.2986301369863011
190315_10_me,3,12,Monkey,t11,barrel,left,0,3.328767123287671,40,16,barrel,1.2986301369863011
190320_1_me,3,1,Cat,t03,t03,left,1,3.186301369863014,38,14,eggplant,1.1561643835616437
190320_1_me,3,2,Frog,t21,t21,right,1,3.186301369863014,38,14,garlic,1.1561643835616437
190320_1_me,3,3,Tiger,t08,pawn,left,0,3.186301369863014,38,14,pawn,1.1561643835616437
190320_1_me,3,4,Beaver,t01,apple,right,0,3.186301369863014,38,14,apple,1.1561643835616437
190320_1_me,3,5,Pig,t15,t15,right,1,3.186301369863014,38,14,carrot,1.1561643835616437
190320_1_me,3,6,Dog,t04,t04,left,1,3.186301369863014,38,14,duck,1.1561643835616437
190320_1_me,3,7,Bunny,t07,barrel,right,0,3.186301369863014,38,14,barrel,1.1561643835616437
190320_1_me,3,8,Sheep,t16,t16,right,1,3.186301369863014,38,14,horseshoe,1.1561643835616437
190320_1_me,3,9,Mouse,t17,bread,left,0,3.186301369863014,38,14,bread,1.1561643835616437
190320_1_me,3,10,Bear,t14,t14,right,1,3.186301369863014,38,14,plug,1.1561643835616437
190320_1_me,3,11,Monkey,t20,papaya,left,0,3.186301369863014,38,14,papaya,1.1561643835616437
190320_1_me,3,12,Elephant,t12,t12,left,1,3.186301369863014,38,14,kite,1.1561643835616437
190320_3_me,3,1,Beaver,t09,plug,right,0,3.758904109589041,45,21,plug,1.7287671232876711
190320_3_me,3,2,Dog,t12,t12,right,1,3.758904109589041,45,21,garlic,1.7287671232876711
190320_3_me,3,3,Elephant,t16,t16,left,1,3.758904109589041,45,21,papaya,1.7287671232876711
190320_3_me,3,4,Cat,t20,t20,right,1,3.758904109589041,45,21,eggplant,1.7287671232876711
190320_3_me,3,5,Mouse,t19,t19,right,1,3.758904109589041,45,21,duck,1.7287671232876711
190320_3_me,3,6,Frog,t17,t17,left,1,3.758904109589041,45,21,barrel,1.7287671232876711
190320_3_me,3,7,Pig,t14,t14,left,1,3.758904109589041,45,21,carrot,1.7287671232876711
190320_3_me,3,8,Bunny,t15,t15,left,1,3.758904109589041,45,21,horseshoe,1.7287671232876711
190320_3_me,3,9,Monkey,t02,t02,left,1,3.758904109589041,45,21,bread,1.7287671232876711
190320_3_me,3,10,Bear,t21,t21,right,1,3.758904109589041,45,21,kite,1.7287671232876711
190320_3_me,3,11,Tiger,t04,t04,left,1,3.758904109589041,45,21,apple,1.7287671232876711
190320_3_me,3,12,Sheep,t03,pawn,right,0,3.758904109589041,45,21,pawn,1.7287671232876711
190320_4_me,3,1,Mouse,t17,t17,right,1,3.758904109589041,45,21,apple,1.7287671232876711
190320_4_me,3,2,Pig,t03,t03,left,1,3.758904109589041,45,21,plug,1.7287671232876711
190320_4_me,3,3,Monkey,t19,horseshoe,left,0,3.758904109589041,45,21,horseshoe,1.7287671232876711
190320_4_me,3,4,Elephant,t04,pawn,left,0,3.758904109589041,45,21,pawn,1.7287671232876711
190320_4_me,3,5,Frog,t02,t02,right,1,3.758904109589041,45,21,barrel,1.7287671232876711
190320_4_me,3,6,Cat,t15,t15,left,1,3.758904109589041,45,21,duck,1.7287671232876711
190320_4_me,3,7,Tiger,t08,t08,right,1,3.758904109589041,45,21,carrot,1.7287671232876711
190320_4_me,3,8,Beaver,t16,t16,right,1,3.758904109589041,45,21,eggplant,1.7287671232876711
190320_4_me,3,9,Bear,t12,t12,left,1,3.758904109589041,45,21,papaya,1.7287671232876711
190320_4_me,3,10,Bunny,t09,t09,right,1,3.758904109589041,45,21,bread,1.7287671232876711
190320_4_me,3,11,Sheep,t14,t14,right,1,3.758904109589041,45,21,kite,1.7287671232876711
190320_4_me,3,12,Dog,t20,t20,left,1,3.758904109589041,45,21,garlic,1.7287671232876711
190320_5_me,2,1,Sheep,t08,t08,left,1,2.2164383561643834,27,3,duck,0.18630136986301338
190320_5_me,2,2,Elephant,t17,t17,right,1,2.2164383561643834,27,3,carrot,0.18630136986301338
190320_5_me,2,3,Pig,t14,garlic,right,0,2.2164383561643834,27,3,garlic,0.18630136986301338
190320_5_me,2,4,Tiger,t09,barrel,right,0,2.2164383561643834,27,3,barrel,0.18630136986301338
190320_5_me,2,5,Beaver,t21,t21,right,1,2.2164383561643834,27,3,horseshoe,0.18630136986301338
190320_5_me,2,6,Bear,t19,t19,right,1,2.2164383561643834,27,3,apple,0.18630136986301338
190320_5_me,2,7,Monkey,t07,t07,left,1,2.2164383561643834,27,3,eggplant,0.18630136986301338
190320_5_me,2,8,Dog,t12,t12,left,1,2.2164383561643834,27,3,kite,0.18630136986301338
190320_5_me,2,9,Bunny,t15,t15,left,1,2.2164383561643834,27,3,pawn,0.18630136986301338
190320_5_me,2,10,Cat,t20,t20,left,1,2.2164383561643834,27,3,papaya,0.18630136986301338
190320_5_me,2,11,Mouse,t16,t16,left,1,2.2164383561643834,27,3,plug,0.18630136986301338
190320_5_me,2,12,Frog,t03,bread,right,0,2.2164383561643834,27,3,bread,0.18630136986301338
190320_6_me,4,1,Tiger,t07,t07,right,1,4.197260273972603,50,26,kite,2.1671232876712327
190320_6_me,4,2,Dog,t20,t20,right,1,4.197260273972603,50,26,plug,2.1671232876712327
190320_6_me,4,3,Monkey,t16,t16,left,1,4.197260273972603,50,26,bread,2.1671232876712327
190320_6_me,4,4,Cat,t21,t21,left,1,4.197260273972603,50,26,carrot,2.1671232876712327
190320_6_me,4,5,Pig,t17,t17,right,1,4.197260273972603,50,26,duck,2.1671232876712327
190320_6_me,4,6,Beaver,t14,t14,left,1,4.197260273972603,50,26,eggplant,2.1671232876712327
190320_6_me,4,7,Bunny,t01,t01,right,1,4.197260273972603,50,26,pawn,2.1671232876712327
190320_6_me,4,8,Frog,t11,t11,right,1,4.197260273972603,50,26,garlic,2.1671232876712327
190320_6_me,4,9,Sheep,t08,t08,left,1,4.197260273972603,50,26,papaya,2.1671232876712327
190320_6_me,4,10,Mouse,t09,t09,left,1,4.197260273972603,50,26,apple,2.1671232876712327
190320_6_me,4,11,Elephant,t03,t03,left,1,4.197260273972603,50,26,barrel,2.1671232876712327
190320_6_me,4,12,Bear,t15,t15,right,1,4.197260273972603,50,26,horseshoe,2.1671232876712327
190320_7_me,4,1,Bear,t17,t17,right,1,4.282191780821917,51,27,eggplant,2.2520547945205474
190320_7_me,4,2,Mouse,t15,t15,right,1,4.282191780821917,51,27,carrot,2.2520547945205474
190320_7_me,4,3,Monkey,t14,barrel,left,0,4.282191780821917,51,27,barrel,2.2520547945205474
190320_7_me,4,4,Pig,t08,plug,left,0,4.282191780821917,51,27,plug,2.2520547945205474
190320_7_me,4,5,Cat,t16,t16,left,1,4.282191780821917,51,27,bread,2.2520547945205474
190320_7_me,4,6,Frog,t02,t02,right,1,4.282191780821917,51,27,duck,2.2520547945205474
190320_7_me,4,7,Beaver,t21,t21,left,1,4.282191780821917,51,27,pawn,2.2520547945205474
190320_7_me,4,8,Sheep,t09,t09,right,1,4.282191780821917,51,27,papaya,2.2520547945205474
190320_7_me,4,9,Elephant,t11,t11,right,1,4.282191780821917,51,27,garlic,2.2520547945205474
190320_7_me,4,10,Tiger,t12,t12,right,1,4.282191780821917,51,27,apple,2.2520547945205474
190320_7_me,4,11,Dog,t20,t20,left,1,4.282191780821917,51,27,kite,2.2520547945205474
190320_7_me,4,12,Bunny,t07,horseshoe,left,0,4.282191780821917,51,27,horseshoe,2.2520547945205474
190320_8_me,4,1,Bunny,t02,t02,right,1,4.895890410958904,59,35,kite,2.865753424657534
190320_8_me,4,2,Monkey,t09,t09,right,1,4.895890410958904,59,35,horseshoe,2.865753424657534
190320_8_me,4,3,Elephant,t08,t08,right,1,4.895890410958904,59,35,papaya,2.865753424657534
190320_8_me,4,4,Beaver,t07,t07,right,1,4.895890410958904,59,35,carrot,2.865753424657534
190320_8_me,4,5,Mouse,t12,t12,left,1,4.895890410958904,59,35,bread,2.865753424657534
190320_8_me,4,6,Cat,t01,t01,left,1,4.895890410958904,59,35,apple,2.865753424657534
190320_8_me,4,7,Dog,t11,t11,right,1,4.895890410958904,59,35,barrel,2.865753424657534
190320_8_me,4,8,Bear,t20,t20,left,1,4.895890410958904,59,35,garlic,2.865753424657534
190320_8_me,4,9,Tiger,t16,t16,left,1,4.895890410958904,59,35,plug,2.865753424657534
190320_8_me,4,10,Frog,t15,t15,right,1,4.895890410958904,59,35,eggplant,2.865753424657534
190320_8_me,4,11,Sheep,t14,t14,left,1,4.895890410958904,59,35,duck,2.865753424657534
190320_8_me,4,12,Pig,t19,pawn,left,0,4.895890410958904,59,35,pawn,2.865753424657534
190321_1_me,3,1,Pig,t12,t12,right,1,3.504109589041096,42,18,duck,1.473972602739726
190321_1_me,3,2,Elephant,t02,garlic,left,0,3.504109589041096,42,18,garlic,1.473972602739726
190321_1_me,3,3,Bunny,t08,t08,right,1,3.504109589041096,42,18,barrel,1.473972602739726
190321_1_me,3,4,Mouse,t09,t09,right,1,3.504109589041096,42,18,apple,1.473972602739726
190321_1_me,3,5,Cat,t15,horseshoe,left,0,3.504109589041096,42,18,horseshoe,1.473972602739726
190321_1_me,3,6,Sheep,t20,pawn,left,0,3.504109589041096,42,18,pawn,1.473972602739726
190321_1_me,3,7,Tiger,t03,t03,right,1,3.504109589041096,42,18,bread,1.473972602739726
190321_1_me,3,8,Bear,t11,t11,left,1,3.504109589041096,42,18,kite,1.473972602739726
190321_1_me,3,9,Dog,t21,t21,left,1,3.504109589041096,42,18,papaya,1.473972602739726
190321_1_me,3,10,Monkey,t16,t16,left,1,3.504109589041096,42,18,carrot,1.473972602739726
190321_1_me,3,11,Frog,t07,t07,right,1,3.504109589041096,42,18,plug,1.473972602739726
190321_1_me,3,12,Beaver,t01,t01,right,1,3.504109589041096,42,18,eggplant,1.473972602739726
190321_2_me,3,1,Elephant,t11,t11,right,1,3.4027397260273973,41,17,carrot,1.3726027397260272
190321_2_me,3,2,Pig,t16,t16,left,1,3.4027397260273973,41,17,duck,1.3726027397260272
190321_2_me,3,3,Bunny,t01,t01,left,1,3.4027397260273973,41,17,horseshoe,1.3726027397260272
190321_2_me,3,4,Bear,t08,t08,right,1,3.4027397260273973,41,17,barrel,1.3726027397260272
190321_2_me,3,5,Cat,t19,t19,left,1,3.4027397260273973,41,17,kite,1.3726027397260272
190321_2_me,3,6,Sheep,t03,t03,left,1,3.4027397260273973,41,17,pawn,1.3726027397260272
190321_2_me,3,7,Mouse,t12,t12,left,1,3.4027397260273973,41,17,eggplant,1.3726027397260272
190321_2_me,3,8,Beaver,t21,t21,right,1,3.4027397260273973,41,17,papaya,1.3726027397260272
190321_2_me,3,9,Frog,t17,t17,right,1,3.4027397260273973,41,17,plug,1.3726027397260272
190321_2_me,3,10,Tiger,t20,t20,right,1,3.4027397260273973,41,17,apple,1.3726027397260272
190321_2_me,3,11,Monkey,t09,t09,left,1,3.4027397260273973,41,17,garlic,1.3726027397260272
190321_2_me,3,12,Dog,t14,t14,right,1,3.4027397260273973,41,17,bread,1.3726027397260272
190321_3_me,4,1,Beaver,t02,t02,right,1,4.794520547945205,58,34,pawn,2.764383561643835
190321_3_me,4,2,Sheep,t08,t08,right,1,4.794520547945205,58,34,horseshoe,2.764383561643835
190321_3_me,4,3,Bear,t14,t14,left,1,4.794520547945205,58,34,bread,2.764383561643835
190321_3_me,4,4,Dog,t07,t07,left,1,4.794520547945205,58,34,barrel,2.764383561643835
190321_3_me,4,5,Cat,t21,t21,right,1,4.794520547945205,58,34,papaya,2.764383561643835
190321_3_me,4,6,Monkey,t04,t04,left,1,4.794520547945205,58,34,duck,2.764383561643835
190321_3_me,4,7,Pig,t11,t11,right,1,4.794520547945205,58,34,plug,2.764383561643835
190321_3_me,4,8,Elephant,t15,t15,right,1,4.794520547945205,58,34,eggplant,2.764383561643835
190321_3_me,4,9,Mouse,t19,t19,left,1,4.794520547945205,58,34,apple,2.764383561643835
190321_3_me,4,10,Tiger,t01,t01,left,1,4.794520547945205,58,34,carrot,2.764383561643835
190321_3_me,4,11,Bunny,t16,t16,right,1,4.794520547945205,58,34,garlic,2.764383561643835
190321_3_me,4,12,Frog,t12,t12,left,1,4.794520547945205,58,34,kite,2.764383561643835
190321_5_me,4,1,Cat,t11,t11,right,1,4.189041095890411,50,26,bread,2.1589041095890407
190321_5_me,4,2,Pig,t15,t15,left,1,4.189041095890411,50,26,papaya,2.1589041095890407
190321_5_me,4,3,Bunny,t04,t04,left,1,4.189041095890411,50,26,carrot,2.1589041095890407
190321_5_me,4,4,Beaver,t08,t08,right,1,4.189041095890411,50,26,plug,2.1589041095890407
190321_5_me,4,5,Tiger,t17,t17,right,1,4.189041095890411,50,26,apple,2.1589041095890407
190321_5_me,4,6,Elephant,t21,t21,right,1,4.189041095890411,50,26,garlic,2.1589041095890407
190321_5_me,4,7,Bear,t14,t14,left,1,4.189041095890411,50,26,duck,2.1589041095890407
190321_5_me,4,8,Sheep,t02,t02,right,1,4.189041095890411,50,26,horseshoe,2.1589041095890407
190321_5_me,4,9,Mouse,t07,t07,right,1,4.189041095890411,50,26,eggplant,2.1589041095890407
190321_5_me,4,10,Frog,t09,t09,left,1,4.189041095890411,50,26,pawn,2.1589041095890407
190321_5_me,4,11,Monkey,t01,barrel,left,0,4.189041095890411,50,26,barrel,2.1589041095890407
190321_5_me,4,12,Dog,t19,t19,left,1,4.189041095890411,50,26,kite,2.1589041095890407
190321_6_me,3,1,Sheep,t16,eggplant,left,0,3.4054794520547946,41,17,eggplant,1.3753424657534246
190321_6_me,3,2,Monkey,t14,t14,right,1,3.4054794520547946,41,17,kite,1.3753424657534246
190321_6_me,3,3,Mouse,t08,horseshoe,left,0,3.4054794520547946,41,17,horseshoe,1.3753424657534246
190321_6_me,3,4,Dog,t21,pawn,left,0,3.4054794520547946,41,17,pawn,1.3753424657534246
190321_6_me,3,5,Pig,t11,t11,right,1,3.4054794520547946,41,17,bread,1.3753424657534246
190321_6_me,3,6,Bear,t09,t09,right,1,3.4054794520547946,41,17,garlic,1.3753424657534246
190321_6_me,3,7,Cat,t02,t02,right,1,3.4054794520547946,41,17,carrot,1.3753424657534246
190321_6_me,3,8,Beaver,t20,t20,left,1,3.4054794520547946,41,17,apple,1.3753424657534246
190321_6_me,3,9,Frog,t17,t17,right,1,3.4054794520547946,41,17,duck,1.3753424657534246
190321_6_me,3,10,Tiger,t04,t04,left,1,3.4054794520547946,41,17,papaya,1.3753424657534246
190321_6_me,3,11,Elephant,t12,plug,left,0,3.4054794520547946,41,17,plug,1.3753424657534246
190321_6_me,3,12,Bunny,t01,t01,right,1,3.4054794520547946,41,17,barrel,1.3753424657534246
190321_7_me,4,1,Monkey,t02,pawn,right,0,4.287671232876712,51,27,pawn,2.257534246575342
190321_7_me,4,2,Tiger,t12,t12,left,1,4.287671232876712,51,27,kite,2.257534246575342
190321_7_me,4,3,Pig,t19,t19,left,1,4.287671232876712,51,27,horseshoe,2.257534246575342
190321_7_me,4,4,Beaver,t01,t01,left,1,4.287671232876712,51,27,carrot,2.257534246575342
190321_7_me,4,5,Mouse,t04,t04,right,1,4.287671232876712,51,27,bread,2.257534246575342
190321_7_me,4,6,Dog,t11,t11,left,1,4.287671232876712,51,27,barrel,2.257534246575342
190321_7_me,4,7,Bunny,t09,plug,right,0,4.287671232876712,51,27,plug,2.257534246575342
190321_7_me,4,8,Cat,t14,t14,left,1,4.287671232876712,51,27,apple,2.257534246575342
190321_7_me,4,9,Elephant,t08,t08,right,1,4.287671232876712,51,27,eggplant,2.257534246575342
190321_7_me,4,10,Bear,t21,t21,right,1,4.287671232876712,51,27,garlic,2.257534246575342
190321_7_me,4,11,Frog,t15,t15,right,1,4.287671232876712,51,27,duck,2.257534246575342
190321_7_me,4,12,Sheep,t07,t07,left,1,4.287671232876712,51,27,papaya,2.257534246575342
190321_8_me,3,1,Dog,t03,t03,right,1,3.5534246575342467,43,19,pawn,1.5232876712328767
190321_8_me,3,2,Tiger,t01,barrel,right,0,3.5534246575342467,43,19,barrel,1.5232876712328767
190321_8_me,3,3,Elephant,t02,t02,left,1,3.5534246575342467,43,19,papaya,1.5232876712328767
190321_8_me,3,4,Beaver,t21,t21,right,1,3.5534246575342467,43,19,carrot,1.5232876712328767
190321_8_me,3,5,Frog,t08,t08,left,1,3.5534246575342467,43,19,plug,1.5232876712328767
190321_8_me,3,6,Bear,t12,t12,left,1,3.5534246575342467,43,19,horseshoe,1.5232876712328767
190321_8_me,3,7,Monkey,t04,t04,left,1,3.5534246575342467,43,19,apple,1.5232876712328767
190321_8_me,3,8,Bunny,t07,t07,left,1,3.5534246575342467,43,19,bread,1.5232876712328767
190321_8_me,3,9,Cat,t11,t11,left,1,3.5534246575342467,43,19,duck,1.5232876712328767
190321_8_me,3,10,Mouse,t19,eggplant,right,0,3.5534246575342467,43,19,eggplant,1.5232876712328767
190321_8_me,3,11,Pig,t20,t20,right,1,3.5534246575342467,43,19,garlic,1.5232876712328767
190321_8_me,3,12,Sheep,t17,kite,right,0,3.5534246575342467,43,19,kite,1.5232876712328767
190321_9_me,4,1,Beaver,t09,pawn,right,0,4.898630136986301,59,35,pawn,2.868493150684931
190321_9_me,4,2,Sheep,t03,t03,left,1,4.898630136986301,59,35,papaya,2.868493150684931
190321_9_me,4,3,Cat,t02,t02,right,1,4.898630136986301,59,35,carrot,2.868493150684931
190321_9_me,4,4,Bunny,t20,t20,right,1,4.898630136986301,59,35,barrel,2.868493150684931
190321_9_me,4,5,Monkey,t07,t07,right,1,4.898630136986301,59,35,garlic,2.868493150684931
190321_9_me,4,6,Elephant,t01,plug,right,0,4.898630136986301,59,35,plug,2.868493150684931
190321_9_me,4,7,Pig,t14,t14,left,1,4.898630136986301,59,35,apple,2.868493150684931
190321_9_me,4,8,Tiger,t12,t12,left,1,4.898630136986301,59,35,bread,2.868493150684931
190321_9_me,4,9,Frog,t04,t04,right,1,4.898630136986301,59,35,kite,2.868493150684931
190321_9_me,4,10,Mouse,t17,t17,left,1,4.898630136986301,59,35,duck,2.868493150684931
190321_9_me,4,11,Bear,t15,t15,left,1,4.898630136986301,59,35,horseshoe,2.868493150684931
190321_9_me,4,12,Dog,t21,t21,left,1,4.898630136986301,59,35,eggplant,2.868493150684931
190321_10_me,3,1,Dog,t02,t02,left,1,3.4136986301369863,41,17,bread,1.3835616438356162
190321_10_me,3,2,Beaver,t14,horseshoe,left,0,3.4136986301369863,41,17,horseshoe,1.3835616438356162
190321_10_me,3,3,Frog,t08,t08,right,1,3.4136986301369863,41,17,barrel,1.3835616438356162
190321_10_me,3,4,Cat,t19,t19,right,1,3.4136986301369863,41,17,kite,1.3835616438356162
190321_10_me,3,5,Bear,t16,t16,right,1,3.4136986301369863,41,17,papaya,1.3835616438356162
190321_10_me,3,6,Elephant,t09,pawn,left,0,3.4136986301369863,41,17,pawn,1.3835616438356162
190321_10_me,3,7,Sheep,t11,garlic,left,0,3.4136986301369863,41,17,garlic,1.3835616438356162
190321_10_me,3,8,Tiger,t03,t03,right,1,3.4136986301369863,41,17,eggplant,1.3835616438356162
190321_10_me,3,9,Monkey,t21,plug,right,0,3.4136986301369863,41,17,plug,1.3835616438356162
190321_10_me,3,10,Bunny,t15,t15,right,1,3.4136986301369863,41,17,carrot,1.3835616438356162
190321_10_me,3,11,Pig,t17,t17,left,1,3.4136986301369863,41,17,apple,1.3835616438356162
190321_10_me,3,12,Mouse,t01,duck,left,0,3.4136986301369863,41,17,duck,1.3835616438356162
190321_11_me,3,1,Pig,t14,t14,right,1,3.3205479452054796,40,16,apple,1.2904109589041095
190321_11_me,3,2,Beaver,t07,papaya,right,0,3.3205479452054796,40,16,papaya,1.2904109589041095
190321_11_me,3,3,Elephant,t19,t19,right,1,3.3205479452054796,40,16,garlic,1.2904109589041095
190321_11_me,3,4,Sheep,t02,t02,left,1,3.3205479452054796,40,16,pawn,1.2904109589041095
190321_11_me,3,5,Frog,t03,t03,left,1,3.3205479452054796,40,16,plug,1.2904109589041095
190321_11_me,3,6,Dog,t04,t04,left,1,3.3205479452054796,40,16,carrot,1.2904109589041095
190321_11_me,3,7,Monkey,t12,t12,left,1,3.3205479452054796,40,16,duck,1.2904109589041095
190321_11_me,3,8,Mouse,t11,t11,left,1,3.3205479452054796,40,16,horseshoe,1.2904109589041095
190321_11_me,3,9,Tiger,t16,t16,left,1,3.3205479452054796,40,16,barrel,1.2904109589041095
190321_11_me,3,10,Cat,t17,t17,right,1,3.3205479452054796,40,16,bread,1.2904109589041095
190321_11_me,3,11,Bunny,t20,t20,right,1,3.3205479452054796,40,16,eggplant,1.2904109589041095
190321_11_me,3,12,Bear,t21,t21,right,1,3.3205479452054796,40,16,kite,1.2904109589041095
190322_1_me,4,1,Pig,t07,t07,left,1,4.704109589041096,56,32,bread,2.6739726027397257
190322_1_me,4,2,Frog,t17,t17,left,1,4.704109589041096,56,32,eggplant,2.6739726027397257
190322_1_me,4,3,Tiger,t21,pawn,right,0,4.704109589041096,56,32,pawn,2.6739726027397257
190322_1_me,4,4,Mouse,t09,t09,right,1,4.704109589041096,56,32,carrot,2.6739726027397257
190322_1_me,4,5,Dog,t08,t08,right,1,4.704109589041096,56,32,apple,2.6739726027397257
190322_1_me,4,6,Sheep,t03,t03,left,1,4.704109589041096,56,32,plug,2.6739726027397257
190322_1_me,4,7,Beaver,t20,t20,right,1,4.704109589041096,56,32,papaya,2.6739726027397257
190322_1_me,4,8,Cat,t02,t02,left,1,4.704109589041096,56,32,garlic,2.6739726027397257
190322_1_me,4,9,Monkey,t01,t01,left,1,4.704109589041096,56,32,barrel,2.6739726027397257
190322_1_me,4,10,Bear,t11,t11,right,1,4.704109589041096,56,32,duck,2.6739726027397257
190322_1_me,4,11,Elephant,t16,t16,right,1,4.704109589041096,56,32,kite,2.6739726027397257
190322_1_me,4,12,Bunny,t14,t14,left,1,4.704109589041096,56,32,horseshoe,2.6739726027397257
190322_2_me,2,1,Elephant,t03,t03,right,1,2.5287671232876714,30,6,eggplant,0.4986301369863013
190322_2_me,2,2,Mouse,t11,t11,right,1,2.5287671232876714,30,6,apple,0.4986301369863013
190322_2_me,2,3,Frog,t15,t15,right,1,2.5287671232876714,30,6,carrot,0.4986301369863013
190322_2_me,2,4,Beaver,t14,barrel,left,0,2.5287671232876714,30,6,barrel,0.4986301369863013
190322_2_me,2,5,Pig,t02,plug,left,0,2.5287671232876714,30,6,plug,0.4986301369863013
190322_2_me,2,6,Cat,t17,t17,right,1,2.5287671232876714,30,6,kite,0.4986301369863013
190322_2_me,2,7,Dog,t12,t12,right,1,2.5287671232876714,30,6,garlic,0.4986301369863013
190322_2_me,2,8,Bunny,t07,t07,left,1,2.5287671232876714,30,6,duck,0.4986301369863013
190322_2_me,2,9,Monkey,t20,t20,right,1,2.5287671232876714,30,6,pawn,0.4986301369863013
190322_2_me,2,10,Tiger,t19,papaya,left,0,2.5287671232876714,30,6,papaya,0.4986301369863013
190322_2_me,2,11,Sheep,t16,horseshoe,left,0,2.5287671232876714,30,6,horseshoe,0.4986301369863013
190322_2_me,2,12,Bear,t09,t09,left,1,2.5287671232876714,30,6,bread,0.4986301369863013
190322_3_me,2,1,Sheep,t04,t04,right,1,2.4054794520547946,29,5,plug,0.37534246575342456
190322_3_me,2,2,Mouse,t16,t16,left,1,2.4054794520547946,29,5,duck,0.37534246575342456
190322_3_me,2,3,Dog,t19,t19,right,1,2.4054794520547946,29,5,barrel,0.37534246575342456
190322_3_me,2,4,Cat,t03,t03,left,1,2.4054794520547946,29,5,kite,0.37534246575342456
190322_3_me,2,5,Bear,t20,eggplant,right,0,2.4054794520547946,29,5,eggplant,0.37534246575342456
190322_3_me,2,6,Bunny,t07,garlic,left,0,2.4054794520547946,29,5,garlic,0.37534246575342456
190322_3_me,2,7,Pig,t17,pawn,left,0,2.4054794520547946,29,5,pawn,0.37534246575342456
190322_3_me,2,8,Frog,t15,t15,right,1,2.4054794520547946,29,5,horseshoe,0.37534246575342456
190322_3_me,2,9,Elephant,t08,t08,right,1,2.4054794520547946,29,5,papaya,0.37534246575342456
190322_3_me,2,10,Tiger,t21,t21,right,1,2.4054794520547946,29,5,bread,0.37534246575342456
190322_3_me,2,11,Monkey,t09,t09,left,1,2.4054794520547946,29,5,apple,0.37534246575342456
190322_3_me,2,12,Beaver,t14,t14,left,1,2.4054794520547946,29,5,carrot,0.37534246575342456
190322_4_me,3,1,Pig,t02,t02,left,1,3.5863013698630137,43,19,kite,1.5561643835616437
190322_4_me,3,2,Sheep,t07,t07,right,1,3.5863013698630137,43,19,carrot,1.5561643835616437
190322_4_me,3,3,Dog,t03,t03,right,1,3.5863013698630137,43,19,garlic,1.5561643835616437
190322_4_me,3,4,Monkey,t04,t04,left,1,3.5863013698630137,43,19,apple,1.5561643835616437
190322_4_me,3,5,Cat,t21,t21,right,1,3.5863013698630137,43,19,barrel,1.5561643835616437
190322_4_me,3,6,Elephant,t19,plug,right,0,3.5863013698630137,43,19,plug,1.5561643835616437
190322_4_me,3,7,Beaver,t17,t17,right,1,3.5863013698630137,43,19,pawn,1.5561643835616437
190322_4_me,3,8,Frog,t20,t20,left,1,3.5863013698630137,43,19,eggplant,1.5561643835616437
190322_4_me,3,9,Mouse,t16,t16,left,1,3.5863013698630137,43,19,bread,1.5561643835616437
190322_4_me,3,10,Tiger,t01,t01,left,1,3.5863013698630137,43,19,horseshoe,1.5561643835616437
190322_4_me,3,11,Bunny,t11,t11,right,1,3.5863013698630137,43,19,duck,1.5561643835616437
190322_4_me,3,12,Bear,t12,papaya,left,0,3.5863013698630137,43,19,papaya,1.5561643835616437
190322_5_me,3,1,Dog,t20,t20,left,1,3.350684931506849,40,16,kite,1.3205479452054791
190322_5_me,3,2,Frog,t16,t16,left,1,3.350684931506849,40,16,papaya,1.3205479452054791
190322_5_me,3,3,Pig,t04,t04,right,1,3.350684931506849,40,16,eggplant,1.3205479452054791
190322_5_me,3,4,Bear,t02,t02,left,1,3.350684931506849,40,16,carrot,1.3205479452054791
190322_5_me,3,5,Beaver,t01,plug,right,0,3.350684931506849,40,16,plug,1.3205479452054791
190322_5_me,3,6,Mouse,t07,t07,right,1,3.350684931506849,40,16,bread,1.3205479452054791
190322_5_me,3,7,Bunny,t09,duck,right,0,3.350684931506849,40,16,duck,1.3205479452054791
190322_5_me,3,8,Tiger,t11,t11,left,1,3.350684931506849,40,16,horseshoe,1.3205479452054791
190322_5_me,3,9,Monkey,t19,t19,left,1,3.350684931506849,40,16,apple,1.3205479452054791
190322_5_me,3,10,Elephant,t03,t03,left,1,3.350684931506849,40,16,barrel,1.3205479452054791
190322_5_me,3,11,Cat,t15,pawn,right,0,3.350684931506849,40,16,pawn,1.3205479452054791
190322_5_me,3,12,Sheep,t12,garlic,right,0,3.350684931506849,40,16,garlic,1.3205479452054791
190326_1_me,4,1,Sheep,t09,t09,left,1,4.232876712328767,51,27,pawn,2.2027397260273966
190326_1_me,4,2,Dog,t04,t04,left,1,4.232876712328767,51,27,apple,2.2027397260273966
190326_1_me,4,3,Bear,t02,t02,left,1,4.232876712328767,51,27,plug,2.2027397260273966
190326_1_me,4,4,Tiger,t01,t01,right,1,4.232876712328767,51,27,horseshoe,2.2027397260273966
190326_1_me,4,5,Pig,t21,garlic,right,0,4.232876712328767,51,27,garlic,2.2027397260273966
190326_1_me,4,6,Elephant,t14,duck,right,0,4.232876712328767,51,27,duck,2.2027397260273966
190326_1_me,4,7,Monkey,t03,carrot,left,0,4.232876712328767,51,27,carrot,2.2027397260273966
190326_1_me,4,8,Mouse,t17,barrel,right,0,4.232876712328767,51,27,barrel,2.2027397260273966
190326_1_me,4,9,Frog,t16,eggplant,left,0,4.232876712328767,51,27,eggplant,2.2027397260273966
190326_1_me,4,10,Beaver,t20,kite,right,0,4.232876712328767,51,27,kite,2.2027397260273966
190326_1_me,4,11,Bunny,t07,papaya,left,0,4.232876712328767,51,27,papaya,2.2027397260273966
190326_1_me,4,12,Cat,t08,bread,right,0,4.232876712328767,51,27,bread,2.2027397260273966
190327_1_me,2,1,Tiger,t19,garlic,left,0,2.0767123287671234,25,1,garlic,0.046575342465753344
190327_1_me,2,2,Cat,t03,t03,right,1,2.0767123287671234,25,1,carrot,0.046575342465753344
190327_1_me,2,3,Dog,t01,pawn,left,0,2.0767123287671234,25,1,pawn,0.046575342465753344
190327_1_me,2,4,Beaver,t20,t20,right,1,2.0767123287671234,25,1,plug,0.046575342465753344
190327_1_me,2,5,Monkey,t21,horseshoe,left,0,2.0767123287671234,25,1,horseshoe,0.046575342465753344
190327_1_me,2,6,Elephant,t09,papaya,left,0,2.0767123287671234,25,1,papaya,0.046575342465753344
190327_1_me,2,7,Bunny,t15,t15,right,1,2.0767123287671234,25,1,eggplant,0.046575342465753344
190327_1_me,2,8,Mouse,t14,t14,right,1,2.0767123287671234,25,1,bread,0.046575342465753344
190327_1_me,2,9,Sheep,t04,t04,left,1,2.0767123287671234,25,1,duck,0.046575342465753344
190327_1_me,2,10,Bear,t11,t11,right,1,2.0767123287671234,25,1,kite,0.046575342465753344
190327_1_me,2,11,Frog,t02,t02,right,1,2.0767123287671234,25,1,barrel,0.046575342465753344
190327_1_me,2,12,Pig,t12,t12,left,1,2.0767123287671234,25,1,apple,0.046575342465753344
190327_2_me,2,1,Bear,t03,t03,right,1,2.7260273972602738,33,9,horseshoe,0.6958904109589037
190327_2_me,2,2,Monkey,t04,pawn,left,0,2.7260273972602738,33,9,pawn,0.6958904109589037
190327_2_me,2,3,Bunny,t02,t02,right,1,2.7260273972602738,33,9,apple,0.6958904109589037
190327_2_me,2,4,Frog,t11,t11,right,1,2.7260273972602738,33,9,bread,0.6958904109589037
190327_2_me,2,5,Beaver,t14,barrel,left,0,2.7260273972602738,33,9,barrel,0.6958904109589037
190327_2_me,2,6,Mouse,t21,t21,right,1,2.7260273972602738,33,9,duck,0.6958904109589037
190327_2_me,2,7,Pig,t15,t15,right,1,2.7260273972602738,33,9,eggplant,0.6958904109589037
190327_2_me,2,8,Elephant,t19,plug,left,0,2.7260273972602738,33,9,plug,0.6958904109589037
190327_2_me,2,9,Cat,t16,carrot,left,0,2.7260273972602738,33,9,carrot,0.6958904109589037
190327_2_me,2,10,Sheep,t01,t01,right,1,2.7260273972602738,33,9,kite,0.6958904109589037
190327_2_me,2,11,Dog,t08,papaya,left,0,2.7260273972602738,33,9,papaya,0.6958904109589037
190327_2_me,2,12,Tiger,t20,garlic,left,0,2.7260273972602738,33,9,garlic,0.6958904109589037
190327_3_me,2,1,Mouse,t14,t14,right,1,2.4273972602739726,29,5,kite,0.39726027397260255
190327_3_me,2,2,Bear,t20,t20,left,1,2.4273972602739726,29,5,barrel,0.39726027397260255
190327_3_me,2,3,Bunny,t08,t08,right,1,2.4273972602739726,29,5,bread,0.39726027397260255
190327_3_me,2,4,Elephant,t04,t04,right,1,2.4273972602739726,29,5,carrot,0.39726027397260255
190327_3_me,2,5,Pig,t19,t19,right,1,2.4273972602739726,29,5,pawn,0.39726027397260255
190327_3_me,2,6,Frog,t07,garlic,left,0,2.4273972602739726,29,5,garlic,0.39726027397260255
190327_3_me,2,7,Tiger,t01,duck,left,0,2.4273972602739726,29,5,duck,0.39726027397260255
190327_3_me,2,8,Beaver,t12,plug,left,0,2.4273972602739726,29,5,plug,0.39726027397260255
190327_3_me,2,9,Monkey,t11,t11,left,1,2.4273972602739726,29,5,horseshoe,0.39726027397260255
190327_3_me,2,10,Dog,t21,t21,right,1,2.4273972602739726,29,5,apple,0.39726027397260255
190327_3_me,2,11,Sheep,t02,t02,left,1,2.4273972602739726,29,5,eggplant,0.39726027397260255
190327_3_me,2,12,Cat,t16,t16,right,1,2.4273972602739726,29,5,papaya,0.39726027397260255
190327_4_me,4,1,Cat,t14,plug,left,0,4.3123287671232875,52,28,plug,2.2821917808219174
190327_4_me,4,2,Monkey,t04,t04,right,1,4.3123287671232875,52,28,duck,2.2821917808219174
190327_4_me,4,3,Pig,t07,t07,left,1,4.3123287671232875,52,28,barrel,2.2821917808219174
190327_4_me,4,4,Beaver,t11,pawn,right,0,4.3123287671232875,52,28,pawn,2.2821917808219174
190327_4_me,4,5,Bunny,t16,t16,left,1,4.3123287671232875,52,28,bread,2.2821917808219174
190327_4_me,4,6,Frog,t21,t21,right,1,4.3123287671232875,52,28,kite,2.2821917808219174
190327_4_me,4,7,Dog,t08,t08,left,1,4.3123287671232875,52,28,papaya,2.2821917808219174
190327_4_me,4,8,Mouse,t15,t15,right,1,4.3123287671232875,52,28,horseshoe,2.2821917808219174
190327_4_me,4,9,Bear,t12,t12,right,1,4.3123287671232875,52,28,eggplant,2.2821917808219174
190327_4_me,4,10,Tiger,t19,t19,right,1,4.3123287671232875,52,28,garlic,2.2821917808219174
190327_4_me,4,11,Sheep,t01,t01,left,1,4.3123287671232875,52,28,apple,2.2821917808219174
190327_4_me,4,12,Elephant,t03,t03,left,1,4.3123287671232875,52,28,carrot,2.2821917808219174
190327_5_me,4,1,Pig,t09,t09,left,1,4.095890410958904,49,25,duck,2.065753424657534
190327_5_me,4,2,Sheep,t20,t20,left,1,4.095890410958904,49,25,plug,2.065753424657534
190327_5_me,4,3,Dog,t16,t16,left,1,4.095890410958904,49,25,barrel,2.065753424657534
190327_5_me,4,4,Elephant,t11,t11,right,1,4.095890410958904,49,25,papaya,2.065753424657534
190327_5_me,4,5,Mouse,t01,t01,left,1,4.095890410958904,49,25,horseshoe,2.065753424657534
190327_5_me,4,6,Bear,t21,t21,left,1,4.095890410958904,49,25,bread,2.065753424657534
190327_5_me,4,7,Frog,t12,t12,left,1,4.095890410958904,49,25,eggplant,2.065753424657534
190327_5_me,4,8,Beaver,t07,pawn,right,0,4.095890410958904,49,25,pawn,2.065753424657534
190327_5_me,4,9,Bunny,t04,t04,right,1,4.095890410958904,49,25,kite,2.065753424657534
190327_5_me,4,10,Monkey,t03,t03,right,1,4.095890410958904,49,25,apple,2.065753424657534
190327_5_me,4,11,Tiger,t15,t15,right,1,4.095890410958904,49,25,carrot,2.065753424657534
190327_5_me,4,12,Cat,t08,t08,right,1,4.095890410958904,49,25,garlic,2.065753424657534
190327_6_me,4,1,Frog,t12,t12,right,1,4.364383561643836,52,28,bread,2.3342465753424655
190327_6_me,4,2,Beaver,t19,t19,right,1,4.364383561643836,52,28,garlic,2.3342465753424655
190327_6_me,4,3,Cat,t02,t02,left,1,4.364383561643836,52,28,pawn,2.3342465753424655
190327_6_me,4,4,Elephant,t03,t03,left,1,4.364383561643836,52,28,duck,2.3342465753424655
190327_6_me,4,5,Mouse,t17,t17,right,1,4.364383561643836,52,28,carrot,2.3342465753424655
190327_6_me,4,6,Dog,t16,t16,left,1,4.364383561643836,52,28,kite,2.3342465753424655
190327_6_me,4,7,Tiger,t09,t09,right,1,4.364383561643836,52,28,papaya,2.3342465753424655
190327_6_me,4,8,Monkey,t21,t21,left,1,4.364383561643836,52,28,apple,2.3342465753424655
190327_6_me,4,9,Pig,t14,t14,left,1,4.364383561643836,52,28,barrel,2.3342465753424655
190327_6_me,4,10,Sheep,t04,t04,right,1,4.364383561643836,52,28,plug,2.3342465753424655
190327_6_me,4,11,Bear,t20,horseshoe,right,0,4.364383561643836,52,28,horseshoe,2.3342465753424655
190327_6_me,4,12,Bunny,t08,t08,left,1,4.364383561643836,52,28,eggplant,2.3342465753424655
190327_7_me,4,1,Bear,t14,t14,left,1,4.210958904109589,51,27,carrot,2.1808219178082187
190327_7_me,4,2,Bunny,t03,t03,right,1,4.210958904109589,51,27,bread,2.1808219178082187
190327_7_me,4,3,Pig,t21,pawn,left,0,4.210958904109589,51,27,pawn,2.1808219178082187
190327_7_me,4,4,Monkey,t07,t07,left,1,4.210958904109589,51,27,apple,2.1808219178082187
190327_7_me,4,5,Tiger,t09,t09,left,1,4.210958904109589,51,27,garlic,2.1808219178082187
190327_7_me,4,6,Frog,t04,t04,right,1,4.210958904109589,51,27,eggplant,2.1808219178082187
190327_7_me,4,7,Mouse,t16,plug,right,0,4.210958904109589,51,27,plug,2.1808219178082187
190327_7_me,4,8,Sheep,t17,t17,right,1,4.210958904109589,51,27,duck,2.1808219178082187
190327_7_me,4,9,Cat,t02,t02,left,1,4.210958904109589,51,27,kite,2.1808219178082187
190327_7_me,4,10,Elephant,t20,t20,left,1,4.210958904109589,51,27,horseshoe,2.1808219178082187
190327_7_me,4,11,Dog,t11,t11,right,1,4.210958904109589,51,27,barrel,2.1808219178082187
190327_7_me,4,12,Beaver,t08,t08,right,1,4.210958904109589,51,27,papaya,2.1808219178082187
190328_1_me,2,1,Monkey,t02,t02,right,1,2.632876712328767,32,8,barrel,0.602739726027397
190328_1_me,2,2,Dog,t15,t15,right,1,2.632876712328767,32,8,carrot,0.602739726027397
190328_1_me,2,3,Bear,t19,plug,left,0,2.632876712328767,32,8,plug,0.602739726027397
190328_1_me,2,4,Frog,t20,horseshoe,left,0,2.632876712328767,32,8,horseshoe,0.602739726027397
190328_1_me,2,5,Elephant,t12,t12,right,1,2.632876712328767,32,8,papaya,0.602739726027397
190328_1_me,2,6,Cat,t03,t03,right,1,2.632876712328767,32,8,pawn,0.602739726027397
190328_1_me,2,7,Pig,t09,kite,left,0,2.632876712328767,32,8,kite,0.602739726027397
190328_1_me,2,8,Sheep,t16,t16,left,1,2.632876712328767,32,8,apple,0.602739726027397
190328_1_me,2,9,Beaver,t08,t08,right,1,2.632876712328767,32,8,duck,0.602739726027397
190328_1_me,2,10,Bunny,t07,t07,right,1,2.632876712328767,32,8,eggplant,0.602739726027397
190328_1_me,2,11,Tiger,t14,bread,left,0,2.632876712328767,32,8,bread,0.602739726027397
190328_1_me,2,12,Mouse,t11,garlic,left,0,2.632876712328767,32,8,garlic,0.602739726027397
190328_2_me,4,1,Tiger,t14,t14,right,1,4.3863013698630136,53,29,papaya,2.3561643835616435
190328_2_me,4,2,Cat,t02,t02,right,1,4.3863013698630136,53,29,eggplant,2.3561643835616435
190328_2_me,4,3,Beaver,t09,t09,right,1,4.3863013698630136,53,29,horseshoe,2.3561643835616435
190328_2_me,4,4,Elephant,t19,t19,right,1,4.3863013698630136,53,29,kite,2.3561643835616435
190328_2_me,4,5,Monkey,t12,t12,left,1,4.3863013698630136,53,29,pawn,2.3561643835616435
190328_2_me,4,6,Bear,t11,barrel,right,0,4.3863013698630136,53,29,barrel,2.3561643835616435
190328_2_me,4,7,Dog,t17,t17,left,1,4.3863013698630136,53,29,bread,2.3561643835616435
190328_2_me,4,8,Pig,t01,t01,left,1,4.3863013698630136,53,29,duck,2.3561643835616435
190328_2_me,4,9,Frog,t21,t21,left,1,4.3863013698630136,53,29,carrot,2.3561643835616435
190328_2_me,4,10,Mouse,t07,t07,left,1,4.3863013698630136,53,29,apple,2.3561643835616435
190328_2_me,4,11,Bunny,t04,t04,right,1,4.3863013698630136,53,29,plug,2.3561643835616435
190328_2_me,4,12,Sheep,t08,t08,left,1,4.3863013698630136,53,29,garlic,2.3561643835616435
190328_3_me,2,1,Mouse,t08,t08,left,1,2.1041095890410957,25,1,pawn,0.07397260273972561
190328_3_me,2,2,Tiger,t02,t02,right,1,2.1041095890410957,25,1,kite,0.07397260273972561
190328_3_me,2,3,Sheep,t17,t17,left,1,2.1041095890410957,25,1,apple,0.07397260273972561
190328_3_me,2,4,Monkey,t14,t14,left,1,2.1041095890410957,25,1,duck,0.07397260273972561
190328_3_me,2,5,Frog,t11,t11,right,1,2.1041095890410957,25,1,garlic,0.07397260273972561
190328_3_me,2,6,Elephant,t04,eggplant,left,0,2.1041095890410957,25,1,eggplant,0.07397260273972561
190328_3_me,2,7,Bunny,t03,t03,right,1,2.1041095890410957,25,1,bread,0.07397260273972561
190328_3_me,2,8,Cat,t16,t16,right,1,2.1041095890410957,25,1,papaya,0.07397260273972561
190328_3_me,2,9,Dog,t12,t12,left,1,2.1041095890410957,25,1,carrot,0.07397260273972561
190328_3_me,2,10,Beaver,t21,t21,right,1,2.1041095890410957,25,1,plug,0.07397260273972561
190328_3_me,2,11,Pig,t20,t20,right,1,2.1041095890410957,25,1,horseshoe,0.07397260273972561
190328_3_me,2,12,Bear,t01,barrel,left,0,2.1041095890410957,25,1,barrel,0.07397260273972561
190328_5_me,2,1,Sheep,t17,t17,left,1,2.5945205479452054,31,7,eggplant,0.5643835616438353
190328_5_me,2,2,Bear,t09,duck,right,0,2.5945205479452054,31,7,duck,0.5643835616438353
190328_5_me,2,3,Tiger,t04,t04,left,1,2.5945205479452054,31,7,apple,0.5643835616438353
190328_5_me,2,4,Mouse,t01,pawn,right,0,2.5945205479452054,31,7,pawn,0.5643835616438353
190328_5_me,2,5,Dog,t16,carrot,right,0,2.5945205479452054,31,7,carrot,0.5643835616438353
190328_5_me,2,6,Frog,t20,plug,right,0,2.5945205479452054,31,7,plug,0.5643835616438353
190328_5_me,2,7,Beaver,t21,t21,left,1,2.5945205479452054,31,7,garlic,0.5643835616438353
190328_5_me,2,8,Cat,t03,horseshoe,right,0,2.5945205479452054,31,7,horseshoe,0.5643835616438353
190328_5_me,2,9,Monkey,t19,t19,left,1,2.5945205479452054,31,7,barrel,0.5643835616438353
190328_5_me,2,10,Bunny,t14,papaya,right,0,2.5945205479452054,31,7,papaya,0.5643835616438353
190328_5_me,2,11,Elephant,t11,t11,left,1,2.5945205479452054,31,7,kite,0.5643835616438353
190328_5_me,2,12,Pig,t02,t02,left,1,2.5945205479452054,31,7,bread,0.5643835616438353
190328_6_me,2,1,Mouse,t16,t16,left,1,2.638356164383562,32,8,carrot,0.6082191780821917
190328_6_me,2,2,Tiger,t04,t04,right,1,2.638356164383562,32,8,duck,0.6082191780821917
190328_6_me,2,3,Bunny,t11,horseshoe,left,0,2.638356164383562,32,8,horseshoe,0.6082191780821917
190328_6_me,2,4,Dog,t08,apple,left,0,2.638356164383562,32,8,apple,0.6082191780821917
190328_6_me,2,5,Cat,t17,t17,right,1,2.638356164383562,32,8,garlic,0.6082191780821917
190328_6_me,2,6,Beaver,t20,plug,right,0,2.638356164383562,32,8,plug,0.6082191780821917
190328_6_me,2,7,Frog,t19,pawn,right,0,2.638356164383562,32,8,pawn,0.6082191780821917
190328_6_me,2,8,Monkey,t12,t12,left,1,2.638356164383562,32,8,barrel,0.6082191780821917
190328_6_me,2,9,Pig,t21,papaya,right,0,2.638356164383562,32,8,papaya,0.6082191780821917
190328_6_me,2,10,Bear,t09,kite,right,0,2.638356164383562,32,8,kite,0.6082191780821917
190328_6_me,2,11,Sheep,t01,t01,left,1,2.638356164383562,32,8,bread,0.6082191780821917
190328_6_me,2,12,Elephant,t02,t02,left,1,2.638356164383562,32,8,eggplant,0.6082191780821917
190328_7_me,2,1,Beaver,t14,t14,right,1,2.654794520547945,32,8,papaya,0.624657534246575
190328_7_me,2,2,Monkey,t08,plug,left,0,2.654794520547945,32,8,plug,0.624657534246575
190328_7_me,2,3,Cat,t20,t20,left,1,2.654794520547945,32,8,apple,0.624657534246575
190328_7_me,2,4,Sheep,t19,t19,left,1,2.654794520547945,32,8,barrel,0.624657534246575
190328_7_me,2,5,Dog,t09,t09,left,1,2.654794520547945,32,8,eggplant,0.624657534246575
190328_7_me,2,6,Frog,t01,pawn,right,0,2.654794520547945,32,8,pawn,0.624657534246575
190328_7_me,2,7,Elephant,t21,t21,right,1,2.654794520547945,32,8,duck,0.624657534246575
190328_7_me,2,8,Pig,t17,horseshoe,right,0,2.654794520547945,32,8,horseshoe,0.624657534246575
190328_7_me,2,9,Mouse,t03,t03,right,1,2.654794520547945,32,8,bread,0.624657534246575
190328_7_me,2,10,Bunny,t07,t07,right,1,2.654794520547945,32,8,kite,0.624657534246575
190328_7_me,2,11,Tiger,t11,t11,left,1,2.654794520547945,32,8,garlic,0.624657534246575
190328_7_me,2,12,Bear,t15,t15,left,1,2.654794520547945,32,8,carrot,0.624657534246575
190328_8_me,2,1,Dog,t02,t02,right,1,2.063013698630137,25,1,bread,0.03287671232876699
190328_8_me,2,2,Frog,t01,t01,right,1,2.063013698630137,25,1,carrot,0.03287671232876699
190328_8_me,2,3,Bunny,t12,t12,right,1,2.063013698630137,25,1,apple,0.03287671232876699
190328_8_me,2,4,Sheep,t17,t17,right,1,2.063013698630137,25,1,horseshoe,0.03287671232876699
190328_8_me,2,5,Elephant,t16,plug,left,0,2.063013698630137,25,1,plug,0.03287671232876699
190328_8_me,2,6,Cat,t20,t20,right,1,2.063013698630137,25,1,duck,0.03287671232876699
190328_8_me,2,7,Mouse,t15,t15,right,1,2.063013698630137,25,1,kite,0.03287671232876699
190328_8_me,2,8,Beaver,t03,papaya,left,0,2.063013698630137,25,1,papaya,0.03287671232876699
190328_8_me,2,9,Pig,t08,eggplant,left,0,2.063013698630137,25,1,eggplant,0.03287671232876699
190328_8_me,2,10,Monkey,t09,pawn,left,0,2.063013698630137,25,1,pawn,0.03287671232876699
190328_8_me,2,11,Tiger,t14,barrel,left,0,2.063013698630137,25,1,barrel,0.03287671232876699
190328_8_me,2,12,Bear,t11,garlic,left,0,2.063013698630137,25,1,garlic,0.03287671232876699
190328_9_me,4,1,Beaver,t01,t01,right,1,4.580821917808219,55,31,papaya,2.550684931506849
190328_9_me,4,2,Bear,t21,t21,right,1,4.580821917808219,55,31,bread,2.550684931506849
190328_9_me,4,3,Sheep,t19,t19,right,1,4.580821917808219,55,31,apple,2.550684931506849
190328_9_me,4,4,Mouse,t02,horseshoe,left,0,4.580821917808219,55,31,horseshoe,2.550684931506849
190328_9_me,4,5,Cat,t08,pawn,left,0,4.580821917808219,55,31,pawn,2.550684931506849
190328_9_me,4,6,Tiger,t09,t09,right,1,4.580821917808219,55,31,carrot,2.550684931506849
190328_9_me,4,7,Pig,t16,t16,left,1,4.580821917808219,55,31,duck,2.550684931506849
190328_9_me,4,8,Frog,t20,t20,left,1,4.580821917808219,55,31,eggplant,2.550684931506849
190328_9_me,4,9,Dog,t07,barrel,right,0,4.580821917808219,55,31,barrel,2.550684931506849
190328_9_me,4,10,Elephant,t04,t04,left,1,4.580821917808219,55,31,plug,2.550684931506849
190328_9_me,4,11,Bunny,t15,t15,right,1,4.580821917808219,55,31,garlic,2.550684931506849
190328_9_me,4,12,Monkey,t17,t17,left,1,4.580821917808219,55,31,kite,2.550684931506849
190328_10_me,4,1,Frog,t15,barrel,left,0,4.419178082191781,53,29,barrel,2.389041095890411
190328_10_me,4,2,Monkey,t11,t11,right,1,4.419178082191781,53,29,bread,2.389041095890411
190328_10_me,4,3,Mouse,t12,t12,left,1,4.419178082191781,53,29,plug,2.389041095890411
190328_10_me,4,4,Beaver,t20,t20,right,1,4.419178082191781,53,29,eggplant,2.389041095890411
190328_10_me,4,5,Pig,t21,t21,right,1,4.419178082191781,53,29,pawn,2.389041095890411
190328_10_me,4,6,Cat,t01,t01,left,1,4.419178082191781,53,29,garlic,2.389041095890411
190328_10_me,4,7,Bear,t14,t14,left,1,4.419178082191781,53,29,kite,2.389041095890411
190328_10_me,4,8,Elephant,t02,t02,right,1,4.419178082191781,53,29,horseshoe,2.389041095890411
190328_10_me,4,9,Dog,t04,t04,left,1,4.419178082191781,53,29,carrot,2.389041095890411
190328_10_me,4,10,Bunny,t17,t17,left,1,4.419178082191781,53,29,apple,2.389041095890411
190328_10_me,4,11,Sheep,t08,t08,right,1,4.419178082191781,53,29,papaya,2.389041095890411
190328_10_me,4,12,Tiger,t16,t16,right,1,4.419178082191781,53,29,duck,2.389041095890411
190328_11_me,4,1,Cat,t16,t16,left,1,4.419178082191781,53,29,bread,2.389041095890411
190328_11_me,4,2,Monkey,t12,t12,left,1,4.419178082191781,53,29,eggplant,2.389041095890411
190328_11_me,4,3,Sheep,t03,t03,right,1,4.419178082191781,53,29,carrot,2.389041095890411
190328_11_me,4,4,Beaver,t09,t09,left,1,4.419178082191781,53,29,apple,2.389041095890411
190328_11_me,4,5,Bear,t19,t19,left,1,4.419178082191781,53,29,kite,2.389041095890411
190328_11_me,4,6,Elephant,t11,t11,right,1,4.419178082191781,53,29,horseshoe,2.389041095890411
190328_11_me,4,7,Frog,t15,t15,left,1,4.419178082191781,53,29,garlic,2.389041095890411
190328_11_me,4,8,Mouse,t04,t04,left,1,4.419178082191781,53,29,pawn,2.389041095890411
190328_11_me,4,9,Bunny,t02,t02,right,1,4.419178082191781,53,29,duck,2.389041095890411
190328_11_me,4,10,Dog,t14,t14,right,1,4.419178082191781,53,29,plug,2.389041095890411
190328_11_me,4,11,Tiger,t01,t01,right,1,4.419178082191781,53,29,papaya,2.389041095890411
190328_11_me,4,12,Pig,t07,barrel,right,0,4.419178082191781,53,29,barrel,2.389041095890411
190404_1_me,2,1,Bunny,t16,barrel,left,0,2.7013698630136984,32,8,barrel,0.6712328767123283
190404_1_me,2,2,Beaver,t12,t12,left,1,2.7013698630136984,32,8,garlic,0.6712328767123283
190404_1_me,2,3,Mouse,t11,t11,left,1,2.7013698630136984,32,8,duck,0.6712328767123283
190404_1_me,2,4,Sheep,t19,t19,left,1,2.7013698630136984,32,8,plug,0.6712328767123283
190404_1_me,2,5,Dog,t17,t17,right,1,2.7013698630136984,32,8,bread,0.6712328767123283
190404_1_me,2,6,Elephant,t15,eggplant,right,0,2.7013698630136984,32,8,eggplant,0.6712328767123283
190404_1_me,2,7,Tiger,t08,t08,right,1,2.7013698630136984,32,8,papaya,0.6712328767123283
190404_1_me,2,8,Monkey,t02,pawn,left,0,2.7013698630136984,32,8,pawn,0.6712328767123283
190404_1_me,2,9,Pig,t07,kite,right,0,2.7013698630136984,32,8,kite,0.6712328767123283
190404_1_me,2,10,Frog,t21,t21,left,1,2.7013698630136984,32,8,apple,0.6712328767123283
190404_1_me,2,11,Cat,t04,t04,right,1,2.7013698630136984,32,8,carrot,0.6712328767123283
190404_1_me,2,12,Bear,t20,t20,right,1,2.7013698630136984,32,8,horseshoe,0.6712328767123283
190404_2_me,4,1,Elephant,t08,t08,left,1,4.5698630136986305,55,31,apple,2.5397260273972604
190404_2_me,4,2,Mouse,t01,t01,left,1,4.5698630136986305,55,31,carrot,2.5397260273972604
190404_2_me,4,3,Beaver,t12,t12,left,1,4.5698630136986305,55,31,pawn,2.5397260273972604
190404_2_me,4,4,Frog,t16,t16,left,1,4.5698630136986305,55,31,plug,2.5397260273972604
190404_2_me,4,5,Monkey,t04,t04,right,1,4.5698630136986305,55,31,bread,2.5397260273972604
190404_2_me,4,6,Bunny,t15,t15,right,1,4.5698630136986305,55,31,horseshoe,2.5397260273972604
190404_2_me,4,7,Tiger,t11,t11,right,1,4.5698630136986305,55,31,kite,2.5397260273972604
190404_2_me,4,8,Cat,t03,t03,left,1,4.5698630136986305,55,31,papaya,2.5397260273972604
190404_2_me,4,9,Sheep,t19,t19,left,1,4.5698630136986305,55,31,duck,2.5397260273972604
190404_2_me,4,10,Pig,t14,barrel,right,0,4.5698630136986305,55,31,barrel,2.5397260273972604
190404_2_me,4,11,Bear,t07,t07,right,1,4.5698630136986305,55,31,garlic,2.5397260273972604
190404_2_me,4,12,Dog,t20,t20,right,1,4.5698630136986305,55,31,eggplant,2.5397260273972604
190404_4_me,2,1,Beaver,t12,duck,left,0,2.1397260273972605,26,2,duck,0.1095890410958904
190404_4_me,2,2,Bunny,t17,carrot,right,0,2.1397260273972605,26,2,carrot,0.1095890410958904
190404_4_me,2,3,Mouse,t16,t16,right,1,2.1397260273972605,26,2,barrel,0.1095890410958904
190404_4_me,2,4,Bear,t08,t08,right,1,2.1397260273972605,26,2,apple,0.1095890410958904
190404_4_me,2,5,Elephant,t21,t21,left,1,2.1397260273972605,26,2,horseshoe,0.1095890410958904
190404_4_me,2,6,Monkey,t01,t01,left,1,2.1397260273972605,26,2,bread,0.1095890410958904
190404_4_me,2,7,Frog,t15,papaya,right,0,2.1397260273972605,26,2,papaya,0.1095890410958904
190404_4_me,2,8,Tiger,t04,t04,right,1,2.1397260273972605,26,2,eggplant,0.1095890410958904
190404_4_me,2,9,Cat,t09,t09,left,1,2.1397260273972605,26,2,kite,0.1095890410958904
190404_4_me,2,10,Sheep,t07,t07,right,1,2.1397260273972605,26,2,pawn,0.1095890410958904
190404_4_me,2,11,Dog,t03,t03,left,1,2.1397260273972605,26,2,garlic,0.1095890410958904
190404_4_me,2,12,Pig,t11,t11,left,1,2.1397260273972605,26,2,plug,0.1095890410958904
190404_5_me,2,1,Sheep,t11,t11,right,1,2.304109589041096,28,4,kite,0.2739726027397258
190404_5_me,2,2,Cat,t09,t09,right,1,2.304109589041096,28,4,carrot,0.2739726027397258
190404_5_me,2,3,Beaver,t14,plug,left,0,2.304109589041096,28,4,plug,0.2739726027397258
190404_5_me,2,4,Elephant,t20,t20,right,1,2.304109589041096,28,4,bread,0.2739726027397258
190404_5_me,2,5,Bunny,t07,t07,right,1,2.304109589041096,28,4,pawn,0.2739726027397258
190404_5_me,2,6,Mouse,t12,barrel,left,0,2.304109589041096,28,4,barrel,0.2739726027397258
190404_5_me,2,7,Frog,t04,apple,left,0,2.304109589041096,28,4,apple,0.2739726027397258
190404_5_me,2,8,Tiger,t15,garlic,left,0,2.304109589041096,28,4,garlic,0.2739726027397258
190404_5_me,2,9,Monkey,t01,horseshoe,left,0,2.304109589041096,28,4,horseshoe,0.2739726027397258
190404_5_me,2,10,Dog,t03,papaya,left,0,2.304109589041096,28,4,papaya,0.2739726027397258
190404_5_me,2,11,Pig,t17,t17,right,1,2.304109589041096,28,4,eggplant,0.2739726027397258
190404_5_me,2,12,Bear,t08,t08,right,1,2.304109589041096,28,4,duck,0.2739726027397258
190404_6_me,2,1,Pig,t08,eggplant,left,0,2.317808219178082,28,4,eggplant,0.28767123287671215
190404_6_me,2,2,Tiger,t20,barrel,right,0,2.317808219178082,28,4,barrel,0.28767123287671215
190404_6_me,2,3,Monkey,t02,t02,right,1,2.317808219178082,28,4,kite,0.28767123287671215
190404_6_me,2,4,Bunny,t21,t21,left,1,2.317808219178082,28,4,duck,0.28767123287671215
190404_6_me,2,5,Beaver,t16,horseshoe,left,0,2.317808219178082,28,4,horseshoe,0.28767123287671215
190404_6_me,2,6,Bear,t12,garlic,left,0,2.317808219178082,28,4,garlic,0.28767123287671215
190404_6_me,2,7,Dog,t19,pawn,left,0,2.317808219178082,28,4,pawn,0.28767123287671215
190404_6_me,2,8,Frog,t07,t07,left,1,2.317808219178082,28,4,carrot,0.28767123287671215
190404_6_me,2,9,Sheep,t09,t09,right,1,2.317808219178082,28,4,bread,0.28767123287671215
190404_6_me,2,10,Mouse,t04,t04,right,1,2.317808219178082,28,4,apple,0.28767123287671215
190404_6_me,2,11,Cat,t01,papaya,right,0,2.317808219178082,28,4,papaya,0.28767123287671215
190404_6_me,2,12,Elephant,t17,plug,right,0,2.317808219178082,28,4,plug,0.28767123287671215
190404_8_me,2,1,Sheep,t01,pawn,left,0,2.03013698630137,24,0,pawn,0
190404_8_me,2,2,Cat,t17,garlic,left,0,2.03013698630137,24,0,garlic,0
190404_8_me,2,3,Frog,t14,bread,left,0,2.03013698630137,24,0,bread,0
190404_8_me,2,4,Pig,t03,t03,right,1,2.03013698630137,24,0,plug,0
190404_8_me,2,5,Tiger,t08,t08,right,1,2.03013698630137,24,0,barrel,0
190404_8_me,2,6,Monkey,t09,eggplant,right,0,2.03013698630137,24,0,eggplant,0
190404_8_me,2,7,Mouse,t11,horseshoe,left,0,2.03013698630137,24,0,horseshoe,0
190404_8_me,2,8,Bunny,t16,carrot,left,0,2.03013698630137,24,0,carrot,0
190404_8_me,2,9,Beaver,t19,t19,right,1,2.03013698630137,24,0,kite,0
190404_8_me,2,10,Bear,t07,t07,right,1,2.03013698630137,24,0,papaya,0
190404_8_me,2,11,Elephant,t15,apple,left,0,2.03013698630137,24,0,apple,0
190404_8_me,2,12,Dog,t02,t02,right,1,2.03013698630137,24,0,duck,0
190404_9_me,2,1,Frog,t03,kite,right,0,2.9972602739726026,36,12,kite,0.9671232876712326
190404_9_me,2,2,Cat,t17,carrot,right,0,2.9972602739726026,36,12,carrot,0.9671232876712326
190404_9_me,2,3,Tiger,t14,plug,right,0,2.9972602739726026,36,12,plug,0.9671232876712326
190404_9_me,2,4,Sheep,t11,t11,left,1,2.9972602739726026,36,12,bread,0.9671232876712326
190404_9_me,2,5,Dog,t02,t02,left,1,2.9972602739726026,36,12,horseshoe,0.9671232876712326
190404_9_me,2,6,Elephant,t01,apple,left,0,2.9972602739726026,36,12,apple,0.9671232876712326
190404_9_me,2,7,Bear,t21,t21,left,1,2.9972602739726026,36,12,eggplant,0.9671232876712326
190404_9_me,2,8,Beaver,t20,pawn,right,0,2.9972602739726026,36,12,pawn,0.9671232876712326
190404_9_me,2,9,Pig,t09,t09,right,1,2.9972602739726026,36,12,barrel,0.9671232876712326
190404_9_me,2,10,Bunny,t19,garlic,left,0,2.9972602739726026,36,12,garlic,0.9671232876712326
190404_9_me,2,11,Monkey,t16,t16,right,1,2.9972602739726026,36,12,duck,0.9671232876712326
190404_9_me,2,12,Mouse,t07,papaya,left,0,2.9972602739726026,36,12,papaya,0.9671232876712326
190404_10_me,2,1,Monkey,t02,t02,right,1,2.871232876712329,34,10,apple,0.8410958904109589
190404_10_me,2,2,Frog,t08,t08,right,1,2.871232876712329,34,10,carrot,0.8410958904109589
190404_10_me,2,3,Tiger,t01,t01,right,1,2.871232876712329,34,10,duck,0.8410958904109589
190404_10_me,2,4,Mouse,t03,t03,left,1,2.871232876712329,34,10,papaya,0.8410958904109589
190404_10_me,2,5,Dog,t04,t04,left,1,2.871232876712329,34,10,barrel,0.8410958904109589
190404_10_me,2,6,Cat,t19,t19,left,1,2.871232876712329,34,10,eggplant,0.8410958904109589
190404_10_me,2,7,Sheep,t15,bread,right,0,2.871232876712329,34,10,bread,0.8410958904109589
190404_10_me,2,8,Bunny,t21,plug,left,0,2.871232876712329,34,10,plug,0.8410958904109589
190404_10_me,2,9,Bear,t12,kite,left,0,2.871232876712329,34,10,kite,0.8410958904109589
190404_10_me,2,10,Elephant,t14,horseshoe,right,0,2.871232876712329,34,10,horseshoe,0.8410958904109589
190404_10_me,2,11,Beaver,t09,t09,right,1,2.871232876712329,34,10,pawn,0.8410958904109589
190404_10_me,2,12,Pig,t17,garlic,left,0,2.871232876712329,34,10,garlic,0.8410958904109589
