subid,subage,trial,agent,novel,pick,leftObject,rightObject,correct,age_num,age_num_month,age_month,experiment,age
190411_4_nov,2,1,Beaver,left,t05,t06,t05,0,2.8109589041095893,2.8333333333333335,0.8333333333333335,dis_novelty,0.7945205479452055
190411_4_nov,2,2,Tiger,right,t21,t07,t21,1,2.8109589041095893,2.8333333333333335,0.8333333333333335,dis_novelty,0.7945205479452055
190411_4_nov,2,3,Mouse,left,t04,t10,t04,0,2.8109589041095893,2.8333333333333335,0.8333333333333335,dis_novelty,0.7945205479452055
190411_4_nov,2,4,Monkey,right,t12,t15,t12,1,2.8109589041095893,2.8333333333333335,0.8333333333333335,dis_novelty,0.7945205479452055
190411_4_nov,2,5,Pig,left,t11,t09,t11,0,2.8109589041095893,2.8333333333333335,0.8333333333333335,dis_novelty,0.7945205479452055
190411_5_nov,4,1,Elephant,left,t22,t12,t22,0,4.906849315068493,4.916666666666667,2.916666666666667,dis_novelty,2.8904109589041096
190411_5_nov,4,2,Dog,left,t14,t14,t01,1,4.906849315068493,4.916666666666667,2.916666666666667,dis_novelty,2.8904109589041096
190411_5_nov,4,3,Frog,left,t18,t18,t20,1,4.906849315068493,4.916666666666667,2.916666666666667,dis_novelty,2.8904109589041096
190411_5_nov,4,4,Beaver,left,t16,t16,t19,1,4.906849315068493,4.916666666666667,2.916666666666667,dis_novelty,2.8904109589041096
190411_5_nov,4,5,Tiger,right,t15,t10,t15,1,4.906849315068493,4.916666666666667,2.916666666666667,dis_novelty,2.8904109589041096
190411_5_nov,4,6,Monkey,right,t17,t11,t17,1,4.906849315068493,4.916666666666667,2.916666666666667,dis_novelty,2.8904109589041096
190411_5_nov,4,7,Bear,right,t02,t04,t02,1,4.906849315068493,4.916666666666667,2.916666666666667,dis_novelty,2.8904109589041096
190411_5_nov,4,8,Bunny,left,t13,t13,t03,1,4.906849315068493,4.916666666666667,2.916666666666667,dis_novelty,2.8904109589041096
190411_5_nov,4,9,Cat,right,t06,t08,t06,1,4.906849315068493,4.916666666666667,2.916666666666667,dis_novelty,2.8904109589041096
190411_5_nov,4,10,Pig,right,t07,t09,t07,1,4.906849315068493,4.916666666666667,2.916666666666667,dis_novelty,2.8904109589041096
190411_7_nov,4,1,Dog,right,t02,t07,t02,1,4.52054794520548,4.5,2.5,dis_novelty,2.504109589041096
190411_7_nov,4,2,Mouse,left,t21,t06,t21,0,4.52054794520548,4.5,2.5,dis_novelty,2.504109589041096
190411_7_nov,4,3,Bunny,left,t19,t11,t19,0,4.52054794520548,4.5,2.5,dis_novelty,2.504109589041096
190411_7_nov,4,4,Beaver,right,t18,t15,t18,1,4.52054794520548,4.5,2.5,dis_novelty,2.504109589041096
190411_7_nov,4,5,Cat,right,t16,t08,t16,1,4.52054794520548,4.5,2.5,dis_novelty,2.504109589041096
190411_7_nov,4,6,Frog,right,t13,t01,t13,1,4.52054794520548,4.5,2.5,dis_novelty,2.504109589041096
190411_7_nov,4,7,Sheep,left,t12,t12,t22,1,4.52054794520548,4.5,2.5,dis_novelty,2.504109589041096
190411_7_nov,4,8,Tiger,right,t20,t04,t20,1,4.52054794520548,4.5,2.5,dis_novelty,2.504109589041096
190411_7_nov,4,9,Elephant,right,t09,t10,t09,1,4.52054794520548,4.5,2.5,dis_novelty,2.504109589041096
190411_7_nov,4,10,Monkey,left,t03,t03,t17,1,4.52054794520548,4.5,2.5,dis_novelty,2.504109589041096
190411_8_nov,4,1,Bunny,left,t06,t06,t19,1,4.663013698630137,4.666666666666667,2.666666666666667,dis_novelty,2.6465753424657534
190411_8_nov,4,2,Elephant,left,t14,t14,t21,1,4.663013698630137,4.666666666666667,2.666666666666667,dis_novelty,2.6465753424657534
190411_8_nov,4,3,Sheep,right,t20,t05,t20,1,4.663013698630137,4.666666666666667,2.666666666666667,dis_novelty,2.6465753424657534
190411_8_nov,4,4,Cat,right,t18,t15,t18,1,4.663013698630137,4.666666666666667,2.666666666666667,dis_novelty,2.6465753424657534
190411_8_nov,4,5,Mouse,right,t22,t07,t22,1,4.663013698630137,4.666666666666667,2.666666666666667,dis_novelty,2.6465753424657534
190411_8_nov,4,6,Bear,right,t11,t04,t11,1,4.663013698630137,4.666666666666667,2.666666666666667,dis_novelty,2.6465753424657534
190411_8_nov,4,7,Dog,right,t17,t16,t17,1,4.663013698630137,4.666666666666667,2.666666666666667,dis_novelty,2.6465753424657534
190411_8_nov,4,8,Beaver,left,t03,t03,t10,1,4.663013698630137,4.666666666666667,2.666666666666667,dis_novelty,2.6465753424657534
190411_8_nov,4,9,Pig,right,t12,t13,t12,1,4.663013698630137,4.666666666666667,2.666666666666667,dis_novelty,2.6465753424657534
190411_8_nov,4,10,Monkey,left,t08,t08,t02,1,4.663013698630137,4.666666666666667,2.666666666666667,dis_novelty,2.6465753424657534
190412_1_nov,2,1,Beaver,right,t18,t09,t18,1,2.841095890410959,2.8333333333333335,0.8333333333333335,dis_novelty,0.8246575342465752
190412_1_nov,2,2,Bear,left,t02,t06,t02,0,2.841095890410959,2.8333333333333335,0.8333333333333335,dis_novelty,0.8246575342465752
190412_1_nov,2,3,Pig,right,t21,t13,t21,1,2.841095890410959,2.8333333333333335,0.8333333333333335,dis_novelty,0.8246575342465752
190412_1_nov,2,4,Tiger,left,t08,t08,t16,1,2.841095890410959,2.8333333333333335,0.8333333333333335,dis_novelty,0.8246575342465752
190412_1_nov,2,5,Dog,left,t05,t05,t22,1,2.841095890410959,2.8333333333333335,0.8333333333333335,dis_novelty,0.8246575342465752
190412_1_nov,2,6,Frog,right,t03,t03,t14,0,2.841095890410959,2.8333333333333335,0.8333333333333335,dis_novelty,0.8246575342465752
190412_1_nov,2,7,Mouse,left,t20,t12,t20,0,2.841095890410959,2.8333333333333335,0.8333333333333335,dis_novelty,0.8246575342465752
190412_1_nov,2,8,Bunny,left,t01,t04,t01,0,2.841095890410959,2.8333333333333335,0.8333333333333335,dis_novelty,0.8246575342465752
190412_1_nov,2,9,Monkey,left,t19,t10,t19,0,2.841095890410959,2.8333333333333335,0.8333333333333335,dis_novelty,0.8246575342465752
190412_1_nov,2,10,Cat,right,t15,t17,t15,1,2.841095890410959,2.8333333333333335,0.8333333333333335,dis_novelty,0.8246575342465752
190412_2_nov,4,1,Frog,left,t11,t05,t11,0,4.608219178082192,4.583333333333333,2.583333333333333,dis_novelty,2.591780821917808
190412_2_nov,4,2,Tiger,right,t10,t06,t10,1,4.608219178082192,4.583333333333333,2.583333333333333,dis_novelty,2.591780821917808
190412_2_nov,4,3,Bunny,left,t14,t16,t14,0,4.608219178082192,4.583333333333333,2.583333333333333,dis_novelty,2.591780821917808
190412_2_nov,4,4,Bear,right,t09,t19,t09,1,4.608219178082192,4.583333333333333,2.583333333333333,dis_novelty,2.591780821917808
190412_2_nov,4,5,Beaver,left,t03,t17,t03,0,4.608219178082192,4.583333333333333,2.583333333333333,dis_novelty,2.591780821917808
190412_3_nov,3,1,Dog,left,t03,t03,t10,1,3.8273972602739725,3.8333333333333335,1.8333333333333335,dis_novelty,1.8109589041095888
190412_3_nov,3,2,Frog,left,t02,t02,t05,1,3.8273972602739725,3.8333333333333335,1.8333333333333335,dis_novelty,1.8109589041095888
190412_3_nov,3,3,Elephant,right,t20,t20,t06,0,3.8273972602739725,3.8333333333333335,1.8333333333333335,dis_novelty,1.8109589041095888
190412_3_nov,3,4,Tiger,left,t08,t08,t04,1,3.8273972602739725,3.8333333333333335,1.8333333333333335,dis_novelty,1.8109589041095888
190412_3_nov,3,5,Pig,left,t01,t21,t01,0,3.8273972602739725,3.8333333333333335,1.8333333333333335,dis_novelty,1.8109589041095888
190412_3_nov,3,6,Monkey,right,t07,t17,t07,1,3.8273972602739725,3.8333333333333335,1.8333333333333335,dis_novelty,1.8109589041095888
190412_3_nov,3,7,Beaver,right,t16,t16,t18,0,3.8273972602739725,3.8333333333333335,1.8333333333333335,dis_novelty,1.8109589041095888
190412_3_nov,3,8,Sheep,right,t09,t15,t09,1,3.8273972602739725,3.8333333333333335,1.8333333333333335,dis_novelty,1.8109589041095888
190412_3_nov,3,9,Bunny,right,t11,t11,t19,0,3.8273972602739725,3.8333333333333335,1.8333333333333335,dis_novelty,1.8109589041095888
190412_3_nov,3,10,Cat,left,t12,t12,t14,1,3.8273972602739725,3.8333333333333335,1.8333333333333335,dis_novelty,1.8109589041095888
190412_4_nov,4,1,Frog,right,t10,t12,t10,1,4.273972602739726,4.25,2.25,dis_novelty,2.2575342465753425
190412_4_nov,4,2,Tiger,right,t04,t07,t04,1,4.273972602739726,4.25,2.25,dis_novelty,2.2575342465753425
190412_4_nov,4,3,Beaver,right,t03,t06,t03,1,4.273972602739726,4.25,2.25,dis_novelty,2.2575342465753425
190412_4_nov,4,4,Pig,right,t15,t18,t15,1,4.273972602739726,4.25,2.25,dis_novelty,2.2575342465753425
190412_4_nov,4,5,Bear,left,t11,t11,t16,1,4.273972602739726,4.25,2.25,dis_novelty,2.2575342465753425
190412_5_nov,4,1,Tiger,right,t22,t10,t22,1,4.484931506849315,4.5,2.5,dis_novelty,2.4684931506849312
190412_5_nov,4,2,Monkey,right,t20,t12,t20,1,4.484931506849315,4.5,2.5,dis_novelty,2.4684931506849312
190412_5_nov,4,3,Dog,left,t16,t16,t04,1,4.484931506849315,4.5,2.5,dis_novelty,2.4684931506849312
190412_5_nov,4,4,Pig,right,t18,t07,t18,1,4.484931506849315,4.5,2.5,dis_novelty,2.4684931506849312
190412_5_nov,4,5,Mouse,left,t21,t21,t02,1,4.484931506849315,4.5,2.5,dis_novelty,2.4684931506849312
190412_5_nov,4,6,Bear,right,t19,t19,t17,0,4.484931506849315,4.5,2.5,dis_novelty,2.4684931506849312
190412_5_nov,4,7,Elephant,left,t11,t11,t14,1,4.484931506849315,4.5,2.5,dis_novelty,2.4684931506849312
190412_5_nov,4,8,Sheep,right,t05,t09,t05,1,4.484931506849315,4.5,2.5,dis_novelty,2.4684931506849312
190412_5_nov,4,9,Cat,right,t08,t15,t08,1,4.484931506849315,4.5,2.5,dis_novelty,2.4684931506849312
190412_5_nov,4,10,Frog,left,t13,t13,t03,1,4.484931506849315,4.5,2.5,dis_novelty,2.4684931506849312
190412_6_nov,4,1,Bear,right,t21,t07,t21,1,4.789041095890411,4.75,2.75,dis_novelty,2.7726027397260276
190412_6_nov,4,2,Tiger,left,t09,t09,t04,1,4.789041095890411,4.75,2.75,dis_novelty,2.7726027397260276
190412_6_nov,4,3,Elephant,right,t22,t16,t22,1,4.789041095890411,4.75,2.75,dis_novelty,2.7726027397260276
190412_6_nov,4,4,Dog,left,t06,t06,t10,1,4.789041095890411,4.75,2.75,dis_novelty,2.7726027397260276
190412_6_nov,4,5,Frog,right,t18,t05,t18,1,4.789041095890411,4.75,2.75,dis_novelty,2.7726027397260276
190412_7_nov,3,1,Bunny,right,t06,t10,t06,1,3.7753424657534245,3.75,1.75,dis_novelty,1.7589041095890408
190412_7_nov,3,2,Pig,left,t03,t03,t05,1,3.7753424657534245,3.75,1.75,dis_novelty,1.7589041095890408
190412_7_nov,3,3,Elephant,right,t22,t12,t22,1,3.7753424657534245,3.75,1.75,dis_novelty,1.7589041095890408
190412_7_nov,3,4,Sheep,left,t15,t15,t18,1,3.7753424657534245,3.75,1.75,dis_novelty,1.7589041095890408
190412_7_nov,3,5,Beaver,left,t13,t13,t20,1,3.7753424657534245,3.75,1.75,dis_novelty,1.7589041095890408
190412_7_nov,3,6,Mouse,right,t21,t09,t21,1,3.7753424657534245,3.75,1.75,dis_novelty,1.7589041095890408
190412_7_nov,3,7,Dog,left,t08,t08,t01,1,3.7753424657534245,3.75,1.75,dis_novelty,1.7589041095890408
190412_7_nov,3,8,Cat,right,t17,t14,t17,1,3.7753424657534245,3.75,1.75,dis_novelty,1.7589041095890408
190412_7_nov,3,9,Frog,right,t19,t07,t19,1,3.7753424657534245,3.75,1.75,dis_novelty,1.7589041095890408
190412_7_nov,3,10,Tiger,left,t04,t04,t02,1,3.7753424657534245,3.75,1.75,dis_novelty,1.7589041095890408
190412_8_nov,3,1,Beaver,right,t14,t14,t07,0,3.4465753424657533,3.4166666666666665,1.4166666666666665,dis_novelty,1.4301369863013695
190412_8_nov,3,2,Elephant,right,t06,t06,t18,0,3.4465753424657533,3.4166666666666665,1.4166666666666665,dis_novelty,1.4301369863013695
190412_8_nov,3,3,Pig,right,t20,t01,t20,1,3.4465753424657533,3.4166666666666665,1.4166666666666665,dis_novelty,1.4301369863013695
190412_8_nov,3,4,Sheep,left,t22,t16,t22,0,3.4465753424657533,3.4166666666666665,1.4166666666666665,dis_novelty,1.4301369863013695
190412_8_nov,3,5,Dog,left,t10,t15,t10,0,3.4465753424657533,3.4166666666666665,1.4166666666666665,dis_novelty,1.4301369863013695
190412_8_nov,3,6,Bunny,left,t17,t13,t17,0,3.4465753424657533,3.4166666666666665,1.4166666666666665,dis_novelty,1.4301369863013695
190412_8_nov,3,7,Monkey,right,t02,t02,t21,0,3.4465753424657533,3.4166666666666665,1.4166666666666665,dis_novelty,1.4301369863013695
190412_8_nov,3,8,Cat,right,t04,t04,t09,0,3.4465753424657533,3.4166666666666665,1.4166666666666665,dis_novelty,1.4301369863013695
190412_8_nov,3,9,Tiger,left,t19,t12,t19,0,3.4465753424657533,3.4166666666666665,1.4166666666666665,dis_novelty,1.4301369863013695
190412_8_nov,3,10,Frog,right,t03,t03,t11,0,3.4465753424657533,3.4166666666666665,1.4166666666666665,dis_novelty,1.4301369863013695
190412_9_nov,3,1,Cat,right,t07,t14,t07,1,3.23013698630137,3.25,1.25,dis_novelty,1.213698630136986
190412_9_nov,3,2,Tiger,left,t05,t05,t21,1,3.23013698630137,3.25,1.25,dis_novelty,1.213698630136986
190412_9_nov,3,3,Sheep,right,t18,t02,t18,1,3.23013698630137,3.25,1.25,dis_novelty,1.213698630136986
190412_9_nov,3,4,Elephant,left,t17,t17,t10,1,3.23013698630137,3.25,1.25,dis_novelty,1.213698630136986
190412_9_nov,3,5,Frog,left,t13,t13,t09,1,3.23013698630137,3.25,1.25,dis_novelty,1.213698630136986
190412_9_nov,3,6,Bunny,right,t08,t01,t08,1,3.23013698630137,3.25,1.25,dis_novelty,1.213698630136986
190412_9_nov,3,7,Monkey,left,t20,t20,t19,1,3.23013698630137,3.25,1.25,dis_novelty,1.213698630136986
190412_9_nov,3,8,Bear,right,t11,t16,t11,1,3.23013698630137,3.25,1.25,dis_novelty,1.213698630136986
190412_9_nov,3,9,Mouse,right,t03,t06,t03,1,3.23013698630137,3.25,1.25,dis_novelty,1.213698630136986
190412_9_nov,3,10,Pig,right,t15,t12,t15,1,3.23013698630137,3.25,1.25,dis_novelty,1.213698630136986
190412_10_nov,3,1,Cat,left,t07,t07,t15,1,3.243835616438356,3.25,1.25,dis_novelty,1.2273972602739724
190412_10_nov,3,2,Beaver,right,t22,t01,t22,1,3.243835616438356,3.25,1.25,dis_novelty,1.2273972602739724
190412_10_nov,3,3,Elephant,right,t08,t04,t08,1,3.243835616438356,3.25,1.25,dis_novelty,1.2273972602739724
190412_10_nov,3,4,Mouse,right,t19,t10,t19,1,3.243835616438356,3.25,1.25,dis_novelty,1.2273972602739724
190412_10_nov,3,5,Pig,right,t03,t14,t03,1,3.243835616438356,3.25,1.25,dis_novelty,1.2273972602739724
190412_10_nov,3,6,Sheep,right,t06,t09,t06,1,3.243835616438356,3.25,1.25,dis_novelty,1.2273972602739724
190412_10_nov,3,7,Bunny,right,t12,t20,t12,1,3.243835616438356,3.25,1.25,dis_novelty,1.2273972602739724
190412_10_nov,3,8,Tiger,left,t05,t05,t16,1,3.243835616438356,3.25,1.25,dis_novelty,1.2273972602739724
190412_10_nov,3,9,Monkey,left,t13,t13,t11,1,3.243835616438356,3.25,1.25,dis_novelty,1.2273972602739724
190412_10_nov,3,10,Dog,left,t17,t17,t21,1,3.243835616438356,3.25,1.25,dis_novelty,1.2273972602739724
190412_11_nov,3,1,Bunny,left,t11,t11,t10,1,3.6191780821917807,3.5833333333333335,1.5833333333333335,dis_novelty,1.602739726027397
190412_11_nov,3,2,Pig,left,t13,t13,t22,1,3.6191780821917807,3.5833333333333335,1.5833333333333335,dis_novelty,1.602739726027397
190412_11_nov,3,3,Sheep,right,t20,t02,t20,1,3.6191780821917807,3.5833333333333335,1.5833333333333335,dis_novelty,1.602739726027397
190412_11_nov,3,4,Dog,right,t05,t12,t05,1,3.6191780821917807,3.5833333333333335,1.5833333333333335,dis_novelty,1.602739726027397
190412_11_nov,3,5,Monkey,right,t21,t09,t21,1,3.6191780821917807,3.5833333333333335,1.5833333333333335,dis_novelty,1.602739726027397
190412_12_nov,4,1,Tiger,left,t01,t03,t01,0,4.073972602739726,4.083333333333333,2.083333333333333,dis_novelty,2.0575342465753423
190412_12_nov,4,2,Frog,right,t20,t10,t20,1,4.073972602739726,4.083333333333333,2.083333333333333,dis_novelty,2.0575342465753423
190412_12_nov,4,3,Elephant,left,t19,t04,t19,0,4.073972602739726,4.083333333333333,2.083333333333333,dis_novelty,2.0575342465753423
190412_12_nov,4,4,Mouse,left,t07,t07,t14,1,4.073972602739726,4.083333333333333,2.083333333333333,dis_novelty,2.0575342465753423
190412_12_nov,4,5,Dog,right,t13,t09,t13,1,4.073972602739726,4.083333333333333,2.083333333333333,dis_novelty,2.0575342465753423
190412_12_nov,4,6,Sheep,left,t15,t15,t18,1,4.073972602739726,4.083333333333333,2.083333333333333,dis_novelty,2.0575342465753423
190412_12_nov,4,7,Bunny,right,t17,t08,t17,1,4.073972602739726,4.083333333333333,2.083333333333333,dis_novelty,2.0575342465753423
190412_12_nov,4,8,Cat,right,t12,t21,t12,1,4.073972602739726,4.083333333333333,2.083333333333333,dis_novelty,2.0575342465753423
190412_12_nov,4,9,Pig,right,t05,t05,t06,0,4.073972602739726,4.083333333333333,2.083333333333333,dis_novelty,2.0575342465753423
190412_12_nov,4,10,Monkey,left,t02,t22,t02,0,4.073972602739726,4.083333333333333,2.083333333333333,dis_novelty,2.0575342465753423
190418_1_nov,4,1,Tiger,right,t19,t07,t19,1,4.4301369863013695,4.416666666666667,2.416666666666667,dis_novelty,2.413698630136986
190418_1_nov,4,2,Frog,right,t21,t10,t21,1,4.4301369863013695,4.416666666666667,2.416666666666667,dis_novelty,2.413698630136986
190418_1_nov,4,3,Sheep,left,t06,t06,t22,1,4.4301369863013695,4.416666666666667,2.416666666666667,dis_novelty,2.413698630136986
190418_1_nov,4,4,Bear,right,t20,t01,t20,1,4.4301369863013695,4.416666666666667,2.416666666666667,dis_novelty,2.413698630136986
190418_1_nov,4,5,Bunny,left,t05,t05,t02,1,4.4301369863013695,4.416666666666667,2.416666666666667,dis_novelty,2.413698630136986
190418_2_nov,4,1,Mouse,right,t01,t03,t01,1,4.482191780821918,4.5,2.5,dis_novelty,2.465753424657534
190418_2_nov,4,2,Tiger,right,t07,t19,t07,1,4.482191780821918,4.5,2.5,dis_novelty,2.465753424657534
190418_2_nov,4,3,Sheep,left,t22,t22,t17,1,4.482191780821918,4.5,2.5,dis_novelty,2.465753424657534
190418_2_nov,4,4,Bear,right,t20,t15,t20,1,4.482191780821918,4.5,2.5,dis_novelty,2.465753424657534
190418_2_nov,4,5,Elephant,right,t21,t04,t21,1,4.482191780821918,4.5,2.5,dis_novelty,2.465753424657534
190418_3_nov,2,1,Cat,left,t06,t06,t12,1,2.504109589041096,2.5,0.5,dis_novelty,0.4876712328767123
190418_3_nov,2,2,Monkey,left,t08,t08,t20,1,2.504109589041096,2.5,0.5,dis_novelty,0.4876712328767123
190418_3_nov,2,3,Dog,left,t04,t04,t21,1,2.504109589041096,2.5,0.5,dis_novelty,0.4876712328767123
190418_3_nov,2,4,Bunny,right,t02,t02,t22,0,2.504109589041096,2.5,0.5,dis_novelty,0.4876712328767123
190418_3_nov,2,5,Frog,left,t13,t13,t17,1,2.504109589041096,2.5,0.5,dis_novelty,0.4876712328767123
190418_3_nov,2,6,Mouse,right,t18,t03,t18,1,2.504109589041096,2.5,0.5,dis_novelty,0.4876712328767123
190418_3_nov,2,7,Bear,left,t16,t16,t11,1,2.504109589041096,2.5,0.5,dis_novelty,0.4876712328767123
190418_3_nov,2,8,Tiger,right,t19,t05,t19,1,2.504109589041096,2.5,0.5,dis_novelty,0.4876712328767123
190418_3_nov,2,9,Sheep,right,t10,t01,t10,1,2.504109589041096,2.5,0.5,dis_novelty,0.4876712328767123
190418_3_nov,2,10,Elephant,right,t07,t07,t09,0,2.504109589041096,2.5,0.5,dis_novelty,0.4876712328767123
190418_4_nov,4,1,Beaver,right,t18,t04,t18,1,4.50958904109589,4.5,2.5,dis_novelty,2.4931506849315066
190418_4_nov,4,2,Dog,right,t19,t12,t19,1,4.50958904109589,4.5,2.5,dis_novelty,2.4931506849315066
190418_4_nov,4,3,Frog,left,t05,t05,t13,1,4.50958904109589,4.5,2.5,dis_novelty,2.4931506849315066
190418_4_nov,4,4,Tiger,right,t20,t07,t20,1,4.50958904109589,4.5,2.5,dis_novelty,2.4931506849315066
190418_4_nov,4,5,Elephant,left,t08,t08,t22,1,4.50958904109589,4.5,2.5,dis_novelty,2.4931506849315066
190418_4_nov,4,6,Bear,right,t21,t03,t21,1,4.50958904109589,4.5,2.5,dis_novelty,2.4931506849315066
190418_4_nov,4,7,Monkey,left,t14,t14,t11,1,4.50958904109589,4.5,2.5,dis_novelty,2.4931506849315066
190418_4_nov,4,8,Cat,left,t09,t09,t16,1,4.50958904109589,4.5,2.5,dis_novelty,2.4931506849315066
190418_4_nov,4,9,Mouse,right,t17,t15,t17,1,4.50958904109589,4.5,2.5,dis_novelty,2.4931506849315066
190418_4_nov,4,10,Bunny,left,t06,t06,t10,1,4.50958904109589,4.5,2.5,dis_novelty,2.4931506849315066
190418_5_nov,2,1,Bunny,left,t21,t01,t21,0,2.3205479452054796,2.3333333333333335,0.3333333333333335,dis_novelty,0.30410958904109586
190418_5_nov,2,2,Monkey,right,t04,t20,t04,1,2.3205479452054796,2.3333333333333335,0.3333333333333335,dis_novelty,0.30410958904109586
190418_5_nov,2,3,Pig,right,t22,t14,t22,1,2.3205479452054796,2.3333333333333335,0.3333333333333335,dis_novelty,0.30410958904109586
190418_5_nov,2,4,Beaver,left,t17,t12,t17,0,2.3205479452054796,2.3333333333333335,0.3333333333333335,dis_novelty,0.30410958904109586
190418_5_nov,2,5,Frog,right,t19,t11,t19,1,2.3205479452054796,2.3333333333333335,0.3333333333333335,dis_novelty,0.30410958904109586
190418_5_nov,2,6,Cat,right,t05,t13,t05,1,2.3205479452054796,2.3333333333333335,0.3333333333333335,dis_novelty,0.30410958904109586
190418_5_nov,2,7,Dog,right,t07,t08,t07,1,2.3205479452054796,2.3333333333333335,0.3333333333333335,dis_novelty,0.30410958904109586
190418_5_nov,2,8,Sheep,left,t09,t16,t09,0,2.3205479452054796,2.3333333333333335,0.3333333333333335,dis_novelty,0.30410958904109586
190418_5_nov,2,9,Mouse,left,t06,t15,t06,0,2.3205479452054796,2.3333333333333335,0.3333333333333335,dis_novelty,0.30410958904109586
190418_5_nov,2,10,Bear,right,t18,t02,t18,1,2.3205479452054796,2.3333333333333335,0.3333333333333335,dis_novelty,0.30410958904109586
190418_6_nov,4,1,Mouse,right,t08,t01,t08,1,4.934246575342466,4.916666666666667,2.916666666666667,dis_novelty,2.9178082191780823
190418_6_nov,4,2,Sheep,right,t06,t15,t06,1,4.934246575342466,4.916666666666667,2.916666666666667,dis_novelty,2.9178082191780823
190418_6_nov,4,3,Beaver,left,t11,t11,t22,1,4.934246575342466,4.916666666666667,2.916666666666667,dis_novelty,2.9178082191780823
190418_6_nov,4,4,Pig,left,t17,t17,t21,1,4.934246575342466,4.916666666666667,2.916666666666667,dis_novelty,2.9178082191780823
190418_6_nov,4,5,Dog,right,t07,t04,t07,1,4.934246575342466,4.916666666666667,2.916666666666667,dis_novelty,2.9178082191780823
190422_1_nov,2,1,Beaver,left,t01,t15,t01,0,2.2986301369863016,2.3333333333333335,0.3333333333333335,dis_novelty,0.28219178082191787
190422_1_nov,2,2,Pig,right,t11,t07,t11,1,2.2986301369863016,2.3333333333333335,0.3333333333333335,dis_novelty,0.28219178082191787
190422_1_nov,2,3,Bunny,right,t10,t10,t17,0,2.2986301369863016,2.3333333333333335,0.3333333333333335,dis_novelty,0.28219178082191787
190422_1_nov,2,4,Mouse,right,t14,t21,t14,1,2.2986301369863016,2.3333333333333335,0.3333333333333335,dis_novelty,0.28219178082191787
190422_1_nov,2,5,Dog,left,t13,t20,t13,0,2.2986301369863016,2.3333333333333335,0.3333333333333335,dis_novelty,0.28219178082191787
190422_2_nov,4,1,Mouse,right,t14,t04,t14,1,4.0849315068493155,4.083333333333333,2.083333333333333,dis_novelty,2.068493150684932
190422_2_nov,4,2,Monkey,left,t16,t22,t16,0,4.0849315068493155,4.083333333333333,2.083333333333333,dis_novelty,2.068493150684932
190422_2_nov,4,3,Dog,left,t01,t02,t01,0,4.0849315068493155,4.083333333333333,2.083333333333333,dis_novelty,2.068493150684932
190422_2_nov,4,4,Bear,right,t15,t06,t15,1,4.0849315068493155,4.083333333333333,2.083333333333333,dis_novelty,2.068493150684932
190422_2_nov,4,5,Tiger,left,t07,t12,t07,0,4.0849315068493155,4.083333333333333,2.083333333333333,dis_novelty,2.068493150684932
190422_3_nov,3,1,Bunny,left,t05,t05,t20,1,3.0082191780821916,3,1,dis_novelty,0.9917808219178079
190422_3_nov,3,2,Dog,right,t18,t12,t18,1,3.0082191780821916,3,1,dis_novelty,0.9917808219178079
190422_3_nov,3,3,Sheep,left,t06,t06,t22,1,3.0082191780821916,3,1,dis_novelty,0.9917808219178079
190422_3_nov,3,4,Elephant,right,t09,t03,t09,1,3.0082191780821916,3,1,dis_novelty,0.9917808219178079
190422_3_nov,3,5,Mouse,left,t08,t08,t21,1,3.0082191780821916,3,1,dis_novelty,0.9917808219178079
190422_3_nov,3,6,Pig,right,t04,t04,t19,0,3.0082191780821916,3,1,dis_novelty,0.9917808219178079
190422_3_nov,3,7,Cat,right,t13,t16,t13,1,3.0082191780821916,3,1,dis_novelty,0.9917808219178079
190422_3_nov,3,8,Bear,right,t17,t01,t17,1,3.0082191780821916,3,1,dis_novelty,0.9917808219178079
190422_3_nov,3,9,Beaver,left,t10,t10,t02,1,3.0082191780821916,3,1,dis_novelty,0.9917808219178079
190422_3_nov,3,10,Monkey,right,t11,t11,t15,0,3.0082191780821916,3,1,dis_novelty,0.9917808219178079
190422_5_nov,3,1,Sheep,left,t16,t16,t19,1,3.5972602739726027,3.5833333333333335,1.5833333333333335,dis_novelty,1.580821917808219
190422_5_nov,3,2,Elephant,right,t12,t09,t12,1,3.5972602739726027,3.5833333333333335,1.5833333333333335,dis_novelty,1.580821917808219
190422_5_nov,3,3,Frog,right,t17,t02,t17,1,3.5972602739726027,3.5833333333333335,1.5833333333333335,dis_novelty,1.580821917808219
190422_5_nov,3,4,Mouse,left,t13,t13,t20,1,3.5972602739726027,3.5833333333333335,1.5833333333333335,dis_novelty,1.580821917808219
190422_5_nov,3,5,Bunny,left,t15,t15,t18,1,3.5972602739726027,3.5833333333333335,1.5833333333333335,dis_novelty,1.580821917808219
190422_6_nov,4,1,Sheep,right,t18,t04,t18,1,4.213698630136986,4.25,2.25,dis_novelty,2.1972602739726024
190422_6_nov,4,2,Bunny,left,t05,t05,t15,1,4.213698630136986,4.25,2.25,dis_novelty,2.1972602739726024
190422_6_nov,4,3,Frog,left,t11,t11,t17,1,4.213698630136986,4.25,2.25,dis_novelty,2.1972602739726024
190422_6_nov,4,4,Bear,left,t22,t22,t20,1,4.213698630136986,4.25,2.25,dis_novelty,2.1972602739726024
190422_6_nov,4,5,Beaver,left,t06,t06,t14,1,4.213698630136986,4.25,2.25,dis_novelty,2.1972602739726024
190422_6_nov,4,6,Mouse,right,t19,t12,t19,1,4.213698630136986,4.25,2.25,dis_novelty,2.1972602739726024
190422_6_nov,4,7,Elephant,left,t01,t01,t07,1,4.213698630136986,4.25,2.25,dis_novelty,2.1972602739726024
190422_6_nov,4,8,Pig,left,t16,t16,t02,1,4.213698630136986,4.25,2.25,dis_novelty,2.1972602739726024
190422_6_nov,4,9,Tiger,right,t10,t09,t10,1,4.213698630136986,4.25,2.25,dis_novelty,2.1972602739726024
190422_6_nov,4,10,Monkey,right,t21,t08,t21,1,4.213698630136986,4.25,2.25,dis_novelty,2.1972602739726024
190422_7_nov,4,1,Bear,left,t04,t19,t04,0,4.213698630136986,4.25,2.25,dis_novelty,2.1972602739726024
190422_7_nov,4,2,Frog,left,t14,t14,t17,1,4.213698630136986,4.25,2.25,dis_novelty,2.1972602739726024
190422_7_nov,4,3,Cat,left,t07,t07,t15,1,4.213698630136986,4.25,2.25,dis_novelty,2.1972602739726024
190422_7_nov,4,4,Bunny,right,t20,t20,t13,0,4.213698630136986,4.25,2.25,dis_novelty,2.1972602739726024
190422_7_nov,4,5,Sheep,right,t02,t02,t01,0,4.213698630136986,4.25,2.25,dis_novelty,2.1972602739726024
190422_8_nov,4,1,Beaver,left,t09,t09,t21,1,4.257534246575342,4.25,2.25,dis_novelty,2.2410958904109584
190422_8_nov,4,2,Mouse,right,t22,t14,t22,1,4.257534246575342,4.25,2.25,dis_novelty,2.2410958904109584
190422_8_nov,4,3,Bunny,right,t19,t02,t19,1,4.257534246575342,4.25,2.25,dis_novelty,2.2410958904109584
190422_8_nov,4,4,Elephant,right,t18,t01,t18,1,4.257534246575342,4.25,2.25,dis_novelty,2.2410958904109584
190422_8_nov,4,5,Bear,left,t05,t05,t20,1,4.257534246575342,4.25,2.25,dis_novelty,2.2410958904109584
190422_9_nov,4,1,Beaver,right,t07,t07,t05,0,4.221917808219178,4.25,2.25,dis_novelty,2.2054794520547945
190422_9_nov,4,2,Sheep,left,t02,t02,t21,1,4.221917808219178,4.25,2.25,dis_novelty,2.2054794520547945
190422_9_nov,4,3,Tiger,right,t03,t10,t03,1,4.221917808219178,4.25,2.25,dis_novelty,2.2054794520547945
190422_9_nov,4,4,Dog,left,t08,t08,t13,1,4.221917808219178,4.25,2.25,dis_novelty,2.2054794520547945
190422_9_nov,4,5,Monkey,right,t20,t15,t20,1,4.221917808219178,4.25,2.25,dis_novelty,2.2054794520547945
190422_9_nov,4,6,Cat,left,t12,t12,t14,1,4.221917808219178,4.25,2.25,dis_novelty,2.2054794520547945
190422_9_nov,4,7,Bear,left,t09,t09,t11,1,4.221917808219178,4.25,2.25,dis_novelty,2.2054794520547945
190422_9_nov,4,8,Elephant,right,t17,t18,t17,1,4.221917808219178,4.25,2.25,dis_novelty,2.2054794520547945
190422_9_nov,4,9,Frog,right,t01,t06,t01,1,4.221917808219178,4.25,2.25,dis_novelty,2.2054794520547945
190422_9_nov,4,10,Pig,right,t19,t04,t19,1,4.221917808219178,4.25,2.25,dis_novelty,2.2054794520547945
190422_10_nov,3,1,Pig,right,t13,t02,t13,1,3.682191780821918,3.6666666666666665,1.6666666666666665,dis_novelty,1.665753424657534
190422_10_nov,3,2,Beaver,right,t07,t05,t07,1,3.682191780821918,3.6666666666666665,1.6666666666666665,dis_novelty,1.665753424657534
190422_10_nov,3,3,Elephant,left,t10,t10,t12,1,3.682191780821918,3.6666666666666665,1.6666666666666665,dis_novelty,1.665753424657534
190422_10_nov,3,4,Frog,left,t16,t04,t16,0,3.682191780821918,3.6666666666666665,1.6666666666666665,dis_novelty,1.665753424657534
190422_10_nov,3,5,Cat,right,t21,t03,t21,1,3.682191780821918,3.6666666666666665,1.6666666666666665,dis_novelty,1.665753424657534
190422_11_nov,4,1,Sheep,right,t19,t15,t19,1,4.441095890410959,4.416666666666667,2.416666666666667,dis_novelty,2.4246575342465753
190422_11_nov,4,2,Pig,right,t14,t05,t14,1,4.441095890410959,4.416666666666667,2.416666666666667,dis_novelty,2.4246575342465753
190422_11_nov,4,3,Frog,right,t22,t12,t22,1,4.441095890410959,4.416666666666667,2.416666666666667,dis_novelty,2.4246575342465753
190422_11_nov,4,4,Beaver,left,t16,t16,t18,1,4.441095890410959,4.416666666666667,2.416666666666667,dis_novelty,2.4246575342465753
190422_11_nov,4,5,Elephant,left,t10,t10,t20,1,4.441095890410959,4.416666666666667,2.416666666666667,dis_novelty,2.4246575342465753
190422_12_nov,3,1,Tiger,right,t06,t10,t06,1,3.6575342465753424,3.6666666666666665,1.6666666666666665,dis_novelty,1.6410958904109587
190422_12_nov,3,2,Mouse,left,t18,t09,t18,0,3.6575342465753424,3.6666666666666665,1.6666666666666665,dis_novelty,1.6410958904109587
190422_12_nov,3,3,Pig,left,t22,t02,t22,0,3.6575342465753424,3.6666666666666665,1.6666666666666665,dis_novelty,1.6410958904109587
190422_12_nov,3,4,Monkey,left,t08,t08,t12,1,3.6575342465753424,3.6666666666666665,1.6666666666666665,dis_novelty,1.6410958904109587
190422_12_nov,3,5,Elephant,left,t05,t15,t05,0,3.6575342465753424,3.6666666666666665,1.6666666666666665,dis_novelty,1.6410958904109587
190422_12_nov,3,6,Bunny,left,t14,t07,t14,0,3.6575342465753424,3.6666666666666665,1.6666666666666665,dis_novelty,1.6410958904109587
190422_12_nov,3,7,Cat,left,t04,t04,t16,1,3.6575342465753424,3.6666666666666665,1.6666666666666665,dis_novelty,1.6410958904109587
190422_12_nov,3,8,Dog,right,t21,t01,t21,1,3.6575342465753424,3.6666666666666665,1.6666666666666665,dis_novelty,1.6410958904109587
190422_12_nov,3,9,Bear,right,t13,t11,t13,1,3.6575342465753424,3.6666666666666665,1.6666666666666665,dis_novelty,1.6410958904109587
190422_12_nov,3,10,Frog,right,t03,t19,t03,1,3.6575342465753424,3.6666666666666665,1.6666666666666665,dis_novelty,1.6410958904109587
190425_1_nov,4,1,Beaver,left,t13,t13,t20,1,4.090410958904109,4.083333333333333,2.083333333333333,dis_novelty,2.0739726027397256
190425_1_nov,4,2,Bear,right,t12,t12,t07,0,4.090410958904109,4.083333333333333,2.083333333333333,dis_novelty,2.0739726027397256
190425_1_nov,4,3,Cat,left,t04,t04,t22,1,4.090410958904109,4.083333333333333,2.083333333333333,dis_novelty,2.0739726027397256
190425_1_nov,4,4,Dog,left,t01,t01,t18,1,4.090410958904109,4.083333333333333,2.083333333333333,dis_novelty,2.0739726027397256
190425_1_nov,4,5,Bunny,right,t11,t03,t11,1,4.090410958904109,4.083333333333333,2.083333333333333,dis_novelty,2.0739726027397256
190425_2_nov,3,1,Elephant,left,t21,t04,t21,0,3.202739726027397,3.1666666666666665,1.1666666666666665,dis_novelty,1.1863013698630134
190425_2_nov,3,2,Tiger,right,t05,t07,t05,1,3.202739726027397,3.1666666666666665,1.1666666666666665,dis_novelty,1.1863013698630134
190425_2_nov,3,3,Mouse,right,t06,t03,t06,1,3.202739726027397,3.1666666666666665,1.1666666666666665,dis_novelty,1.1863013698630134
190425_2_nov,3,4,Frog,right,t19,t02,t19,1,3.202739726027397,3.1666666666666665,1.1666666666666665,dis_novelty,1.1863013698630134
190425_2_nov,3,5,Sheep,left,t20,t12,t20,0,3.202739726027397,3.1666666666666665,1.1666666666666665,dis_novelty,1.1863013698630134
190425_2_nov,3,6,Monkey,left,t13,t13,t22,1,3.202739726027397,3.1666666666666665,1.1666666666666665,dis_novelty,1.1863013698630134
190425_2_nov,3,7,Pig,left,t01,t01,t17,1,3.202739726027397,3.1666666666666665,1.1666666666666665,dis_novelty,1.1863013698630134
190425_2_nov,3,8,Bunny,left,t14,t14,t16,1,3.202739726027397,3.1666666666666665,1.1666666666666665,dis_novelty,1.1863013698630134
190425_2_nov,3,9,Dog,right,t18,t09,t18,1,3.202739726027397,3.1666666666666665,1.1666666666666665,dis_novelty,1.1863013698630134
190425_2_nov,3,10,Bear,right,t08,t11,t08,1,3.202739726027397,3.1666666666666665,1.1666666666666665,dis_novelty,1.1863013698630134
190425_3_nov,3,1,Cat,left,t16,t16,t15,1,3.0356164383561643,3,1,dis_novelty,1.0191780821917806
190425_3_nov,3,2,Mouse,right,t01,t09,t01,1,3.0356164383561643,3,1,dis_novelty,1.0191780821917806
190425_3_nov,3,3,Pig,left,t02,t12,t02,0,3.0356164383561643,3,1,dis_novelty,1.0191780821917806
190425_3_nov,3,4,Bunny,left,t03,t03,t07,1,3.0356164383561643,3,1,dis_novelty,1.0191780821917806
190425_3_nov,3,5,Beaver,right,t05,t18,t05,1,3.0356164383561643,3,1,dis_novelty,1.0191780821917806
190425_4_nov,3,1,Bunny,left,t02,t02,t22,1,3.021917808219178,3,1,dis_novelty,1.0054794520547943
190425_4_nov,3,2,Monkey,right,t21,t01,t21,1,3.021917808219178,3,1,dis_novelty,1.0054794520547943
190425_4_nov,3,3,Sheep,right,t19,t04,t19,1,3.021917808219178,3,1,dis_novelty,1.0054794520547943
190425_4_nov,3,4,Bear,left,t16,t16,t09,1,3.021917808219178,3,1,dis_novelty,1.0054794520547943
190425_4_nov,3,5,Tiger,left,t05,t05,t20,1,3.021917808219178,3,1,dis_novelty,1.0054794520547943
190425_4_nov,3,6,Beaver,left,t03,t03,t12,1,3.021917808219178,3,1,dis_novelty,1.0054794520547943
190425_4_nov,3,7,Pig,left,t10,t10,t11,1,3.021917808219178,3,1,dis_novelty,1.0054794520547943
190425_4_nov,3,8,Frog,right,t08,t13,t08,1,3.021917808219178,3,1,dis_novelty,1.0054794520547943
190425_4_nov,3,9,Dog,right,t17,t14,t17,1,3.021917808219178,3,1,dis_novelty,1.0054794520547943
190425_4_nov,3,10,Mouse,right,t18,t07,t18,1,3.021917808219178,3,1,dis_novelty,1.0054794520547943
190425_5_nov,4,1,Mouse,left,t10,t10,t02,1,4.2904109589041095,4.25,2.25,dis_novelty,2.273972602739726
190425_5_nov,4,2,Beaver,right,t17,t15,t17,1,4.2904109589041095,4.25,2.25,dis_novelty,2.273972602739726
190425_5_nov,4,3,Frog,right,t05,t13,t05,1,4.2904109589041095,4.25,2.25,dis_novelty,2.273972602739726
190425_5_nov,4,4,Elephant,right,t20,t11,t20,1,4.2904109589041095,4.25,2.25,dis_novelty,2.273972602739726
190425_5_nov,4,5,Cat,left,t14,t14,t08,1,4.2904109589041095,4.25,2.25,dis_novelty,2.273972602739726
190425_5_nov,4,6,Bear,right,t07,t12,t07,1,4.2904109589041095,4.25,2.25,dis_novelty,2.273972602739726
190425_5_nov,4,7,Monkey,right,t22,t16,t22,1,4.2904109589041095,4.25,2.25,dis_novelty,2.273972602739726
190425_5_nov,4,8,Bunny,right,t21,t06,t21,1,4.2904109589041095,4.25,2.25,dis_novelty,2.273972602739726
190425_5_nov,4,9,Pig,left,t18,t18,t01,1,4.2904109589041095,4.25,2.25,dis_novelty,2.273972602739726
190425_5_nov,4,10,Sheep,left,t04,t04,t19,1,4.2904109589041095,4.25,2.25,dis_novelty,2.273972602739726
190425_6_nov,3,1,Beaver,left,t04,t04,t18,1,3.835616438356164,3.8333333333333335,1.8333333333333335,dis_novelty,1.8191780821917805
190425_6_nov,3,2,Bunny,right,t02,t13,t02,1,3.835616438356164,3.8333333333333335,1.8333333333333335,dis_novelty,1.8191780821917805
190425_6_nov,3,3,Dog,left,t17,t17,t10,1,3.835616438356164,3.8333333333333335,1.8333333333333335,dis_novelty,1.8191780821917805
190425_6_nov,3,4,Cat,left,t14,t14,t08,1,3.835616438356164,3.8333333333333335,1.8333333333333335,dis_novelty,1.8191780821917805
190425_6_nov,3,5,Tiger,right,t15,t03,t15,1,3.835616438356164,3.8333333333333335,1.8333333333333335,dis_novelty,1.8191780821917805
190425_6_nov,3,6,Sheep,left,t05,t05,t01,1,3.835616438356164,3.8333333333333335,1.8333333333333335,dis_novelty,1.8191780821917805
190425_6_nov,3,7,Frog,right,t21,t09,t21,1,3.835616438356164,3.8333333333333335,1.8333333333333335,dis_novelty,1.8191780821917805
190425_6_nov,3,8,Pig,left,t06,t06,t20,1,3.835616438356164,3.8333333333333335,1.8333333333333335,dis_novelty,1.8191780821917805
190425_6_nov,3,9,Bear,right,t16,t22,t16,1,3.835616438356164,3.8333333333333335,1.8333333333333335,dis_novelty,1.8191780821917805
190425_6_nov,3,10,Monkey,right,t19,t07,t19,1,3.835616438356164,3.8333333333333335,1.8333333333333335,dis_novelty,1.8191780821917805
190425_7_nov,4,1,Pig,right,t21,t03,t21,1,4.931506849315069,4.916666666666667,2.916666666666667,dis_novelty,2.915068493150685
190425_7_nov,4,2,Tiger,right,t10,t10,t06,0,4.931506849315069,4.916666666666667,2.916666666666667,dis_novelty,2.915068493150685
190425_7_nov,4,3,Bunny,right,t07,t07,t01,0,4.931506849315069,4.916666666666667,2.916666666666667,dis_novelty,2.915068493150685
190425_7_nov,4,4,Dog,left,t04,t04,t11,1,4.931506849315069,4.916666666666667,2.916666666666667,dis_novelty,2.915068493150685
190425_7_nov,4,5,Frog,left,t18,t08,t18,0,4.931506849315069,4.916666666666667,2.916666666666667,dis_novelty,2.915068493150685
190425_7_nov,4,6,Mouse,right,t05,t05,t19,0,4.931506849315069,4.916666666666667,2.916666666666667,dis_novelty,2.915068493150685
190425_7_nov,4,7,Cat,left,t09,t09,t12,1,4.931506849315069,4.916666666666667,2.916666666666667,dis_novelty,2.915068493150685
190425_7_nov,4,8,Bear,right,t16,t16,t17,0,4.931506849315069,4.916666666666667,2.916666666666667,dis_novelty,2.915068493150685
190425_7_nov,4,9,Sheep,left,t15,t14,t15,0,4.931506849315069,4.916666666666667,2.916666666666667,dis_novelty,2.915068493150685
190425_7_nov,4,10,Elephant,left,t02,t02,t20,1,4.931506849315069,4.916666666666667,2.916666666666667,dis_novelty,2.915068493150685
190425_8_nov,2,1,Tiger,left,t22,t04,t22,0,2.2794520547945205,2.25,0.25,dis_novelty,0.2630136986301368
190425_8_nov,2,2,Frog,right,t11,t03,t11,1,2.2794520547945205,2.25,0.25,dis_novelty,0.2630136986301368
190425_8_nov,2,3,Pig,right,t14,t01,t14,1,2.2794520547945205,2.25,0.25,dis_novelty,0.2630136986301368
190425_8_nov,2,4,Cat,left,t18,t15,t18,0,2.2794520547945205,2.25,0.25,dis_novelty,0.2630136986301368
190425_8_nov,2,5,Sheep,left,t21,t02,t21,0,2.2794520547945205,2.25,0.25,dis_novelty,0.2630136986301368
190425_9_nov,3,1,Frog,right,t06,t12,t06,1,3.728767123287671,3.75,1.75,dis_novelty,1.7123287671232874
190425_9_nov,3,2,Mouse,right,t15,t10,t15,1,3.728767123287671,3.75,1.75,dis_novelty,1.7123287671232874
190425_9_nov,3,3,Bear,left,t11,t11,t17,1,3.728767123287671,3.75,1.75,dis_novelty,1.7123287671232874
190425_9_nov,3,4,Dog,left,t16,t16,t05,1,3.728767123287671,3.75,1.75,dis_novelty,1.7123287671232874
190425_9_nov,3,5,Beaver,right,t01,t01,t07,0,3.728767123287671,3.75,1.75,dis_novelty,1.7123287671232874
190425_9_nov,3,6,Cat,right,t03,t20,t03,1,3.728767123287671,3.75,1.75,dis_novelty,1.7123287671232874
190425_9_nov,3,7,Sheep,left,t02,t02,t14,1,3.728767123287671,3.75,1.75,dis_novelty,1.7123287671232874
190425_9_nov,3,8,Tiger,right,t09,t18,t09,1,3.728767123287671,3.75,1.75,dis_novelty,1.7123287671232874
190425_9_nov,3,9,Pig,left,t13,t13,t08,1,3.728767123287671,3.75,1.75,dis_novelty,1.7123287671232874
190425_9_nov,3,10,Bunny,left,t19,t19,t21,1,3.728767123287671,3.75,1.75,dis_novelty,1.7123287671232874
190425_10_nov,3,1,Bunny,right,t13,t02,t13,1,3.249315068493151,3.25,1.25,dis_novelty,1.2328767123287672
190425_10_nov,3,2,Bear,left,t03,t03,t18,1,3.249315068493151,3.25,1.25,dis_novelty,1.2328767123287672
190425_10_nov,3,3,Beaver,right,t22,t06,t22,1,3.249315068493151,3.25,1.25,dis_novelty,1.2328767123287672
190425_10_nov,3,4,Elephant,left,t09,t09,t08,1,3.249315068493151,3.25,1.25,dis_novelty,1.2328767123287672
190425_10_nov,3,5,Frog,left,t05,t05,t21,1,3.249315068493151,3.25,1.25,dis_novelty,1.2328767123287672
190425_10_nov,3,6,Cat,left,t15,t07,t15,0,3.249315068493151,3.25,1.25,dis_novelty,1.2328767123287672
190425_10_nov,3,7,Mouse,left,t16,t16,t19,1,3.249315068493151,3.25,1.25,dis_novelty,1.2328767123287672
190425_10_nov,3,8,Dog,right,t01,t11,t01,1,3.249315068493151,3.25,1.25,dis_novelty,1.2328767123287672
190425_10_nov,3,9,Pig,left,t20,t14,t20,0,3.249315068493151,3.25,1.25,dis_novelty,1.2328767123287672
190425_10_nov,3,10,Tiger,right,t04,t04,t17,0,3.249315068493151,3.25,1.25,dis_novelty,1.2328767123287672
190425_11_nov,2,1,Dog,left,t15,t13,t15,0,2.106849315068493,2.0833333333333335,0.08333333333333348,dis_novelty,0.09041095890410933
190425_11_nov,2,2,Bear,right,t06,t12,t06,1,2.106849315068493,2.0833333333333335,0.08333333333333348,dis_novelty,0.09041095890410933
190425_11_nov,2,3,Elephant,left,t10,t11,t10,0,2.106849315068493,2.0833333333333335,0.08333333333333348,dis_novelty,0.09041095890410933
190425_11_nov,2,4,Cat,right,t16,t21,t16,1,2.106849315068493,2.0833333333333335,0.08333333333333348,dis_novelty,0.09041095890410933
190425_11_nov,2,5,Monkey,right,t19,t18,t19,1,2.106849315068493,2.0833333333333335,0.08333333333333348,dis_novelty,0.09041095890410933
190425_11_nov,2,6,Beaver,left,t07,t14,t07,0,2.106849315068493,2.0833333333333335,0.08333333333333348,dis_novelty,0.09041095890410933
190425_11_nov,2,7,Sheep,left,t20,t09,t20,0,2.106849315068493,2.0833333333333335,0.08333333333333348,dis_novelty,0.09041095890410933
190425_11_nov,2,8,Tiger,left,t02,t04,t02,0,2.106849315068493,2.0833333333333335,0.08333333333333348,dis_novelty,0.09041095890410933
190425_11_nov,2,9,Mouse,right,t05,t22,t05,1,2.106849315068493,2.0833333333333335,0.08333333333333348,dis_novelty,0.09041095890410933
190425_11_nov,2,10,Pig,right,t08,t03,t08,1,2.106849315068493,2.0833333333333335,0.08333333333333348,dis_novelty,0.09041095890410933
190425_12_nov,3,1,Beaver,right,t13,t03,t13,1,3.8958904109589043,3.9166666666666665,1.9166666666666665,dis_novelty,1.8794520547945206
190425_12_nov,3,2,Monkey,left,t18,t19,t18,0,3.8958904109589043,3.9166666666666665,1.9166666666666665,dis_novelty,1.8794520547945206
190425_12_nov,3,3,Cat,right,t02,t04,t02,1,3.8958904109589043,3.9166666666666665,1.9166666666666665,dis_novelty,1.8794520547945206
190425_12_nov,3,4,Dog,left,t09,t05,t09,0,3.8958904109589043,3.9166666666666665,1.9166666666666665,dis_novelty,1.8794520547945206
190425_12_nov,3,5,Bunny,left,t12,t14,t12,0,3.8958904109589043,3.9166666666666665,1.9166666666666665,dis_novelty,1.8794520547945206
190501_2_nov,2,1,Sheep,right,t12,t12,t21,0,2.6684931506849314,2.6666666666666665,0.6666666666666665,dis_novelty,0.6520547945205477
190501_2_nov,2,2,Monkey,left,t17,t10,t17,0,2.6684931506849314,2.6666666666666665,0.6666666666666665,dis_novelty,0.6520547945205477
190501_2_nov,2,3,Bunny,right,t18,t02,t18,1,2.6684931506849314,2.6666666666666665,0.6666666666666665,dis_novelty,0.6520547945205477
190501_2_nov,2,4,Cat,right,t22,t16,t22,1,2.6684931506849314,2.6666666666666665,0.6666666666666665,dis_novelty,0.6520547945205477
190501_2_nov,2,5,Tiger,right,t20,t05,t20,1,2.6684931506849314,2.6666666666666665,0.6666666666666665,dis_novelty,0.6520547945205477
190501_2_nov,2,6,Dog,left,t19,t06,t19,0,2.6684931506849314,2.6666666666666665,0.6666666666666665,dis_novelty,0.6520547945205477
190501_2_nov,2,7,Bear,left,t09,t09,t03,1,2.6684931506849314,2.6666666666666665,0.6666666666666665,dis_novelty,0.6520547945205477
190501_2_nov,2,8,Elephant,right,t14,t08,t14,1,2.6684931506849314,2.6666666666666665,0.6666666666666665,dis_novelty,0.6520547945205477
190501_2_nov,2,9,Frog,left,t11,t15,t11,0,2.6684931506849314,2.6666666666666665,0.6666666666666665,dis_novelty,0.6520547945205477
190501_2_nov,2,10,Beaver,left,t07,t07,t13,1,2.6684931506849314,2.6666666666666665,0.6666666666666665,dis_novelty,0.6520547945205477
190502_1_nov,3,1,Bear,right,t15,t03,t15,1,3.021917808219178,3,1,dis_novelty,1.0054794520547943
190502_1_nov,3,2,Bunny,left,t05,t05,t13,1,3.021917808219178,3,1,dis_novelty,1.0054794520547943
190502_1_nov,3,3,Frog,right,t14,t02,t14,1,3.021917808219178,3,1,dis_novelty,1.0054794520547943
190502_1_nov,3,4,Cat,left,t07,t07,t04,1,3.021917808219178,3,1,dis_novelty,1.0054794520547943
190502_1_nov,3,5,Dog,right,t09,t11,t09,1,3.021917808219178,3,1,dis_novelty,1.0054794520547943
190502_2_nov,3,1,Dog,left,t17,t11,t17,0,3.021917808219178,3,1,dis_novelty,1.0054794520547943
190502_2_nov,3,2,Mouse,right,t04,t04,t21,0,3.021917808219178,3,1,dis_novelty,1.0054794520547943
190502_2_nov,3,3,Bunny,right,t03,t03,t13,0,3.021917808219178,3,1,dis_novelty,1.0054794520547943
190502_2_nov,3,4,Pig,right,t01,t01,t22,0,3.021917808219178,3,1,dis_novelty,1.0054794520547943
190502_2_nov,3,5,Bear,right,t09,t09,t07,0,3.021917808219178,3,1,dis_novelty,1.0054794520547943
190502_3_nov,2,1,Sheep,left,t15,t15,t09,1,2.7041095890410958,2.6666666666666665,0.6666666666666665,dis_novelty,0.6876712328767121
190502_3_nov,2,2,Monkey,right,t02,t07,t02,1,2.7041095890410958,2.6666666666666665,0.6666666666666665,dis_novelty,0.6876712328767121
190502_3_nov,2,3,Mouse,left,t01,t21,t01,0,2.7041095890410958,2.6666666666666665,0.6666666666666665,dis_novelty,0.6876712328767121
190502_3_nov,2,4,Beaver,left,t20,t16,t20,0,2.7041095890410958,2.6666666666666665,0.6666666666666665,dis_novelty,0.6876712328767121
190502_3_nov,2,5,Cat,left,t05,t22,t05,0,2.7041095890410958,2.6666666666666665,0.6666666666666665,dis_novelty,0.6876712328767121
190502_4_nov,2,1,Mouse,right,t12,t12,t19,0,2.671232876712329,2.6666666666666665,0.6666666666666665,dis_novelty,0.6547945205479451
190502_4_nov,2,2,Pig,right,t18,t18,t21,0,2.671232876712329,2.6666666666666665,0.6666666666666665,dis_novelty,0.6547945205479451
190502_4_nov,2,3,Bear,right,t02,t14,t02,1,2.671232876712329,2.6666666666666665,0.6666666666666665,dis_novelty,0.6547945205479451
190502_4_nov,2,4,Cat,left,t01,t15,t01,0,2.671232876712329,2.6666666666666665,0.6666666666666665,dis_novelty,0.6547945205479451
190502_4_nov,2,5,Sheep,left,t22,t06,t22,0,2.671232876712329,2.6666666666666665,0.6666666666666665,dis_novelty,0.6547945205479451
190502_6_nov,2,1,Tiger,left,t22,t01,t22,0,2.3424657534246576,2.3333333333333335,0.3333333333333335,dis_novelty,0.32602739726027385
190502_6_nov,2,2,Pig,left,t19,t04,t19,0,2.3424657534246576,2.3333333333333335,0.3333333333333335,dis_novelty,0.32602739726027385
190502_6_nov,2,3,Monkey,left,t21,t07,t21,0,2.3424657534246576,2.3333333333333335,0.3333333333333335,dis_novelty,0.32602739726027385
190502_6_nov,2,4,Beaver,right,t20,t03,t20,1,2.3424657534246576,2.3333333333333335,0.3333333333333335,dis_novelty,0.32602739726027385
190502_6_nov,2,5,Bunny,right,t17,t09,t17,1,2.3424657534246576,2.3333333333333335,0.3333333333333335,dis_novelty,0.32602739726027385
190502_7_nov,2,1,Sheep,left,t22,t12,t22,0,2.0164383561643837,2,0,dis_novelty,0
190502_7_nov,2,2,Bear,left,t15,t02,t15,0,2.0164383561643837,2,0,dis_novelty,0
190502_7_nov,2,3,Elephant,right,t10,t10,t03,0,2.0164383561643837,2,0,dis_novelty,0
190502_7_nov,2,4,Mouse,right,t18,t13,t18,1,2.0164383561643837,2,0,dis_novelty,0
190502_7_nov,2,5,Bunny,left,t16,t01,t16,0,2.0164383561643837,2,0,dis_novelty,0
190502_7_nov,2,6,Cat,right,t09,t05,t09,1,2.0164383561643837,2,0,dis_novelty,0
190502_7_nov,2,7,Frog,right,t21,t14,t21,1,2.0164383561643837,2,0,dis_novelty,0
190502_7_nov,2,8,Tiger,right,t06,t11,t06,1,2.0164383561643837,2,0,dis_novelty,0
190502_7_nov,2,9,Beaver,right,t17,t07,t17,1,2.0164383561643837,2,0,dis_novelty,0
190502_7_nov,2,10,Dog,left,t20,t08,t20,0,2.0164383561643837,2,0,dis_novelty,0
190502_9_nov,2,1,Pig,right,t13,t06,t13,1,2.5643835616438357,2.5833333333333335,0.5833333333333335,dis_novelty,0.547945205479452
190502_9_nov,2,2,Bunny,left,t03,t04,t03,0,2.5643835616438357,2.5833333333333335,0.5833333333333335,dis_novelty,0.547945205479452
190502_9_nov,2,3,Dog,right,t11,t11,t21,0,2.5643835616438357,2.5833333333333335,0.5833333333333335,dis_novelty,0.547945205479452
190502_9_nov,2,4,Mouse,left,t14,t14,t10,1,2.5643835616438357,2.5833333333333335,0.5833333333333335,dis_novelty,0.547945205479452
190502_9_nov,2,5,Frog,right,t08,t08,t17,0,2.5643835616438357,2.5833333333333335,0.5833333333333335,dis_novelty,0.547945205479452
190502_9_nov,2,6,Monkey,right,t22,t05,t22,1,2.5643835616438357,2.5833333333333335,0.5833333333333335,dis_novelty,0.547945205479452
190502_9_nov,2,7,Sheep,left,t15,t15,t19,1,2.5643835616438357,2.5833333333333335,0.5833333333333335,dis_novelty,0.547945205479452
190502_9_nov,2,8,Cat,right,t02,t02,t20,0,2.5643835616438357,2.5833333333333335,0.5833333333333335,dis_novelty,0.547945205479452
190502_9_nov,2,9,Beaver,left,t18,t12,t18,0,2.5643835616438357,2.5833333333333335,0.5833333333333335,dis_novelty,0.547945205479452
190502_9_nov,2,10,Tiger,right,t09,t07,t09,1,2.5643835616438357,2.5833333333333335,0.5833333333333335,dis_novelty,0.547945205479452
190502_10_nov,2,1,Cat,right,t20,t14,t20,1,2.3863013698630136,2.4166666666666665,0.4166666666666665,dis_novelty,0.36986301369862984
190502_10_nov,2,2,Pig,left,t06,t02,t06,0,2.3863013698630136,2.4166666666666665,0.4166666666666665,dis_novelty,0.36986301369862984
190502_10_nov,2,3,Bear,right,t15,t12,t15,1,2.3863013698630136,2.4166666666666665,0.4166666666666665,dis_novelty,0.36986301369862984
190502_10_nov,2,4,Beaver,left,t18,t13,t18,0,2.3863013698630136,2.4166666666666665,0.4166666666666665,dis_novelty,0.36986301369862984
190502_10_nov,2,5,Bunny,right,t07,t04,t07,1,2.3863013698630136,2.4166666666666665,0.4166666666666665,dis_novelty,0.36986301369862984
190502_10_nov,2,6,Mouse,right,t19,t11,t19,1,2.3863013698630136,2.4166666666666665,0.4166666666666665,dis_novelty,0.36986301369862984
190502_10_nov,2,7,Elephant,right,t22,t10,t22,1,2.3863013698630136,2.4166666666666665,0.4166666666666665,dis_novelty,0.36986301369862984
190502_10_nov,2,8,Sheep,left,t09,t03,t09,0,2.3863013698630136,2.4166666666666665,0.4166666666666665,dis_novelty,0.36986301369862984
190502_10_nov,2,9,Dog,left,t17,t01,t17,0,2.3863013698630136,2.4166666666666665,0.4166666666666665,dis_novelty,0.36986301369862984
190502_10_nov,2,10,Monkey,left,t21,t05,t21,0,2.3863013698630136,2.4166666666666665,0.4166666666666665,dis_novelty,0.36986301369862984
190503_1_nov,2,1,Bunny,right,t15,t15,t22,0,2.2684931506849315,2.25,0.25,dis_novelty,0.2520547945205478
190503_1_nov,2,2,Tiger,right,t06,t06,t14,0,2.2684931506849315,2.25,0.25,dis_novelty,0.2520547945205478
190503_1_nov,2,3,Elephant,left,t11,t11,t20,1,2.2684931506849315,2.25,0.25,dis_novelty,0.2520547945205478
190503_1_nov,2,4,Bear,right,t21,t07,t21,1,2.2684931506849315,2.25,0.25,dis_novelty,0.2520547945205478
190503_1_nov,2,5,Mouse,left,t02,t02,t10,1,2.2684931506849315,2.25,0.25,dis_novelty,0.2520547945205478
190503_1_nov,2,6,Cat,left,t04,t04,t17,1,2.2684931506849315,2.25,0.25,dis_novelty,0.2520547945205478
190503_1_nov,2,7,Beaver,right,t09,t09,t18,0,2.2684931506849315,2.25,0.25,dis_novelty,0.2520547945205478
190503_1_nov,2,8,Monkey,left,t05,t05,t12,1,2.2684931506849315,2.25,0.25,dis_novelty,0.2520547945205478
190503_1_nov,2,9,Sheep,left,t16,t16,t19,1,2.2684931506849315,2.25,0.25,dis_novelty,0.2520547945205478
190503_1_nov,2,10,Frog,left,t08,t08,t13,1,2.2684931506849315,2.25,0.25,dis_novelty,0.2520547945205478
190503_2_nov,2,1,Bunny,left,t15,t15,t02,1,2.1232876712328768,2.0833333333333335,0.08333333333333348,dis_novelty,0.10684931506849304
190503_2_nov,2,2,Bear,right,t12,t12,t20,0,2.1232876712328768,2.0833333333333335,0.08333333333333348,dis_novelty,0.10684931506849304
190503_2_nov,2,3,Pig,right,t06,t07,t06,1,2.1232876712328768,2.0833333333333335,0.08333333333333348,dis_novelty,0.10684931506849304
190503_2_nov,2,4,Sheep,right,t22,t13,t22,1,2.1232876712328768,2.0833333333333335,0.08333333333333348,dis_novelty,0.10684931506849304
190503_2_nov,2,5,Tiger,right,t14,t11,t14,1,2.1232876712328768,2.0833333333333335,0.08333333333333348,dis_novelty,0.10684931506849304
190503_2_nov,2,6,Elephant,left,t01,t08,t01,0,2.1232876712328768,2.0833333333333335,0.08333333333333348,dis_novelty,0.10684931506849304
190503_2_nov,2,7,Mouse,left,t19,t09,t19,0,2.1232876712328768,2.0833333333333335,0.08333333333333348,dis_novelty,0.10684931506849304
190503_2_nov,2,8,Cat,right,t18,t16,t18,1,2.1232876712328768,2.0833333333333335,0.08333333333333348,dis_novelty,0.10684931506849304
190503_2_nov,2,9,Dog,left,t04,t21,t04,0,2.1232876712328768,2.0833333333333335,0.08333333333333348,dis_novelty,0.10684931506849304
190503_2_nov,2,10,Frog,right,t03,t10,t03,1,2.1232876712328768,2.0833333333333335,0.08333333333333348,dis_novelty,0.10684931506849304
190504_1_nov,2,1,Frog,right,t21,t13,t21,1,2.232876712328767,2.25,0.25,dis_novelty,0.21643835616438345
190504_1_nov,2,2,Cat,right,t18,t14,t18,1,2.232876712328767,2.25,0.25,dis_novelty,0.21643835616438345
190504_1_nov,2,3,Monkey,left,t12,t12,t22,1,2.232876712328767,2.25,0.25,dis_novelty,0.21643835616438345
190504_1_nov,2,4,Bunny,left,t02,t02,t20,1,2.232876712328767,2.25,0.25,dis_novelty,0.21643835616438345
190504_1_nov,2,5,Dog,right,t17,t11,t17,1,2.232876712328767,2.25,0.25,dis_novelty,0.21643835616438345
190504_1_nov,2,6,Sheep,right,t19,t16,t19,1,2.232876712328767,2.25,0.25,dis_novelty,0.21643835616438345
190504_1_nov,2,7,Mouse,left,t08,t08,t03,1,2.232876712328767,2.25,0.25,dis_novelty,0.21643835616438345
190504_1_nov,2,8,Beaver,left,t15,t15,t04,1,2.232876712328767,2.25,0.25,dis_novelty,0.21643835616438345
190504_1_nov,2,9,Bear,right,t01,t09,t01,1,2.232876712328767,2.25,0.25,dis_novelty,0.21643835616438345
190504_1_nov,2,10,Pig,right,t06,t10,t06,1,2.232876712328767,2.25,0.25,dis_novelty,0.21643835616438345
190508_1_nov,2,1,Mouse,right,t09,t09,t22,0,2.9287671232876713,2.9166666666666665,0.9166666666666665,dis_novelty,0.9123287671232876
190508_1_nov,2,2,Beaver,left,t07,t07,t13,1,2.9287671232876713,2.9166666666666665,0.9166666666666665,dis_novelty,0.9123287671232876
190508_1_nov,2,3,Frog,right,t21,t06,t21,1,2.9287671232876713,2.9166666666666665,0.9166666666666665,dis_novelty,0.9123287671232876
190508_1_nov,2,4,Cat,left,t01,t01,t12,1,2.9287671232876713,2.9166666666666665,0.9166666666666665,dis_novelty,0.9123287671232876
190508_1_nov,2,5,Bear,right,t15,t02,t15,1,2.9287671232876713,2.9166666666666665,0.9166666666666665,dis_novelty,0.9123287671232876
190508_1_nov,2,6,Bunny,right,t14,t03,t14,1,2.9287671232876713,2.9166666666666665,0.9166666666666665,dis_novelty,0.9123287671232876
190508_1_nov,2,7,Sheep,left,t04,t04,t17,1,2.9287671232876713,2.9166666666666665,0.9166666666666665,dis_novelty,0.9123287671232876
190508_1_nov,2,8,Tiger,right,t11,t08,t11,1,2.9287671232876713,2.9166666666666665,0.9166666666666665,dis_novelty,0.9123287671232876
190508_1_nov,2,9,Elephant,left,t19,t19,t18,1,2.9287671232876713,2.9166666666666665,0.9166666666666665,dis_novelty,0.9123287671232876
190508_1_nov,2,10,Dog,left,t20,t20,t05,1,2.9287671232876713,2.9166666666666665,0.9166666666666665,dis_novelty,0.9123287671232876
